scene,y,x,pytorch_pred,onnx_pred,abs_diff,rel_diff,gt_disparity,top1_prob,top2_prob,top1_minus_top2,entropy
000164_10.png,99,1029,56.665679931640625,56.666297912597656,0.00061798095703125,1.0905736201820014e-05,,0.23971793055534363,0.11092672497034073,0.1287912055850029,2.7069878578186035
000164_10.png,100,1029,58.56635284423828,58.566959381103516,0.000606536865234375,1.0356404928397984e-05,,0.24124303460121155,0.10648403316736221,0.13475900143384933,2.7054312229156494
000164_10.png,98,1029,55.247066497802734,55.247657775878906,0.000591278076171875,1.0702433878464486e-05,,0.23721416294574738,0.11511192470788956,0.12210223823785782,2.709473133087158
000164_10.png,96,1030,61.742942810058594,61.74352264404297,0.000579833984375,9.391097313886525e-06,,0.1768004149198532,0.17060719430446625,0.006193220615386963,2.7034459114074707
000164_10.png,97,1030,63.088340759277344,63.08892059326172,0.000579833984375,9.190826345987302e-06,,0.20025581121444702,0.15309211611747742,0.047163695096969604,2.7038660049438477
000164_10.png,101,1029,61.01033020019531,61.01091003417969,0.000579833984375,9.50386569737225e-06,,0.2416919618844986,0.10183333605527878,0.13985862582921982,2.7049403190612793
000164_10.png,88,1031,57.31578063964844,57.31635284423828,0.00057220458984375,9.983369038297892e-06,,0.2554369568824768,0.16328617930412292,0.09215077757835388,2.588977575302124
000164_10.png,89,1031,58.22014617919922,58.22071838378906,0.00057220458984375,9.82829187825324e-06,,0.26968497037887573,0.1752665787935257,0.09441839158535004,2.5598626136779785
000164_10.png,99,1030,65.97096252441406,65.97152709960938,0.0005645751953125,8.557934789924545e-06,,0.22708097100257874,0.1328754723072052,0.09420549869537354,2.6920418739318848
000164_10.png,95,1030,60.266170501708984,60.2667350769043,0.0005645751953125,9.368028374998222e-06,,0.18870151042938232,0.1535365879535675,0.03516492247581482,2.69404935836792
000164_10.png,94,1030,58.47267532348633,58.473236083984375,0.000560760498046875,9.590128978101135e-06,,0.2067861706018448,0.1522304117679596,0.05455575883388519,2.6760122776031494
000164_10.png,93,1030,56.46038818359375,56.4609489440918,0.000560760498046875,9.931927783128681e-06,,0.22421947121620178,0.1628955900669098,0.06132388114929199,2.650757312774658
000164_10.png,97,1029,53.8787956237793,53.87935256958008,0.00055694580078125,1.0337012814284823e-05,,0.21897387504577637,0.1279321163892746,0.09104175865650177,2.721451997756958
000164_10.png,98,1030,64.5543212890625,64.55487060546875,0.00054931640625,8.509366922010576e-06,,0.22099533677101135,0.13808557391166687,0.08290976285934448,2.696808099746704
000164_10.png,92,1030,54.5744743347168,54.57501220703125,0.000537872314453125,9.855748882787774e-06,,0.24038803577423096,0.172568216919899,0.06781981885433197,2.6205945014953613
000164_10.png,111,1029,64.21935272216797,64.21988677978516,0.0005340576171875,8.316147618273014e-06,,0.18198861181735992,0.1070704311132431,0.07491818070411682,2.758633852005005
000164_10.png,90,1031,59.19934844970703,59.19988250732422,0.0005340576171875,9.021342821723807e-06,,0.27449357509613037,0.18097037076950073,0.09352320432662964,2.547558307647705
000164_10.png,101,1030,69.99738311767578,69.99791717529297,0.0005340576171875,7.629679759451348e-06,,0.23708905279636383,0.12140929698944092,0.11567975580692291,2.6846673488616943
000164_10.png,96,1029,52.65938186645508,52.659912109375,0.000530242919921875,1.0069296317730586e-05,,0.1970244199037552,0.14326663315296173,0.05375778675079346,2.7286696434020996
000164_10.png,87,1031,56.23487091064453,56.23539733886719,0.00052642822265625,9.361241772791099e-06,,0.23726686835289001,0.1496557891368866,0.08761107921600342,2.6139516830444336
