split,seed,tag,scene,valid_px,epe,gtlt64_epe,init8_epe,sanity_max_abs,occ_epe,noc_epe,occ_frac,mean_gt
hailo_val,0,final,000160_10.png,100174,0.8125446418142481,0.7756481915046461,7.5725697154809515,0.0,1.7456056049891882,0.7989842200745502,0.014325074370595164,32.00807068357308
hailo_val,0,final,000161_10.png,114668,3.5624887927382676,1.1022395961432245,10.527743339804713,0.0,18.224759527451834,2.611111245878156,0.06093243101824397,50.844698151674834
hailo_val,0,final,000162_10.png,58878,1.1415325607180073,1.0478226189132152,7.845836881556392,0.0,1.1733272969270512,1.1411726656466086,0.01119263561941642,33.15132018219878
hailo_val,0,final,000163_10.png,100610,1.5403516251836356,1.604838229143524,6.17833825712258,0.0,0.9527838451388807,1.547163268913002,0.011460093430076533,41.09436134889673
hailo_val,0,final,000164_10.png,104123,1.7653061659526164,1.4196269080306618,7.198978333076479,0.0,0.6796441929911405,1.7809387675994288,0.01419475043938419,43.737091813888384
hailo_val,0,final,000165_10.png,101598,1.3626185493977625,1.268832309691126,5.502534138334767,0.0,3.311113833641821,1.2720006635849845,0.0444398511781728,44.71637094695516
hailo_val,0,final,000166_10.png,109818,0.863048987013543,0.862601888959702,7.08599631712401,0.0,2.6062306689240344,0.8201277388346854,0.02403066892494855,34.172360853582745
hailo_val,0,final,000167_10.png,98138,0.9742059495941802,0.9753254908786291,6.520454480485804,0.0,0.9857993026832481,0.9740211241965823,0.015692188550816197,36.84703109396972
hailo_val,0,final,000168_10.png,88776,1.8535001596814074,1.6269554684328547,6.810990582460367,0.0,2.9496995584373313,1.8323426742998274,0.018935297828241868,40.99620309296713
hailo_val,0,final,000169_10.png,53894,1.535256676166563,1.073448771265976,6.982431872742965,0.0,1.8050491755349296,1.5317063744491162,0.01298845882658552,40.35912987183174
hailo_val,0,final,000170_10.png,88820,1.0995557630633856,1.0995350073013557,7.155071746999685,0.0,1.0295553252849876,1.1004772207002833,0.0129925692411619,34.98806240852286
hailo_val,0,final,000171_10.png,84556,0.8417349370754489,0.8418641091013537,7.583905736456825,0.0,0.964580141337572,0.8404073888440502,0.010691139599791854,31.94198690254092
hailo_val,0,final,000172_10.png,86649,0.891926236143789,0.8901293515892885,6.708700308077574,0.0,1.771623345542511,0.8782444417159496,0.015314660296137289,36.50190621790211
hailo_val,0,final,000173_10.png,116377,1.2508433195245727,1.2820902301118273,6.320803896021759,0.0,3.7989615756133728,1.2243845334897039,0.01027694475712555,39.5335476243158
hailo_val,0,final,000174_10.png,98882,1.2418834454240602,1.1986716300689209,7.586786067065547,0.0,3.3552307913489376,1.2050917620275698,0.01711130438300196,34.70424474531512
hailo_val,0,final,000175_10.png,65342,1.2674437829940313,1.103567460331427,7.49737283313706,0.0,11.388161165251148,1.2242008309427053,0.004254537663371185,35.13500457209758
hailo_val,0,final,000176_10.png,93637,1.7866490151762322,1.7493270554938498,7.579361508776827,0.0,2.6645134512462545,1.7741450428464292,0.014043593878488204,32.66731984285058
hailo_val,0,final,000177_10.png,96550,1.2370221001987072,1.1433713077340963,6.673193646178599,0.0,1.7365032612677234,1.230252869166048,0.013371310201967893,37.23891575770326
hailo_val,0,final,000178_10.png,97571,1.1985923025749323,1.0539374609733372,7.425367182656866,0.0,0.9652272447687348,1.2018344943396608,0.01370284203298111,35.714922538779454
hailo_val,0,final,000179_10.png,78243,1.4172650703755465,1.408759776636829,8.143400360110249,0.0,5.741432659649073,1.3535011797703538,0.014531651393734904,32.657661468118555
hailo_val,0,final,000180_10.png,72597,0.733580767114095,0.7298540665209521,7.66354286066896,0.0,2.452453993880041,0.7072575008654767,0.015083267903632382,32.42838369483243
hailo_val,0,final,000181_10.png,73327,0.7594468611317777,0.7593806893480102,7.890008657510251,0.0,2.037663630046861,0.7393148142242221,0.01550588459912447,30.24144382781922
hailo_val,0,final,000182_10.png,73343,0.9336261396562946,0.9118893381008886,8.43655386877764,0.0,2.070058452752789,0.9160188656427398,0.015257079748578596,30.29537397272064
hailo_val,0,final,000183_10.png,97632,0.7385426252977804,0.7385426252977804,8.44130237341435,0.0,1.3227969636108279,0.7261491292296361,0.02077187807276303,29.16846987443922
hailo_val,0,final,000184_10.png,89496,0.8820414404037055,0.8820123333565729,8.24145260684727,0.0,1.4581152340945076,0.8758476581983201,0.010637346920532762,29.702592547781464
hailo_val,0,final,000185_10.png,101975,0.6318338309809635,0.6312749571960117,8.065673394620521,0.0,0.6747124246730926,0.6311633524978537,0.015395930375091934,29.93580791094631
hailo_val,0,final,000186_10.png,79095,0.8743333829670807,0.8741228743988417,7.718287615067996,0.0,0.8863086917801121,0.8741718033025395,0.013313104494595107,33.15584809011315
hailo_val,0,final,000187_10.png,77101,0.9020007417195224,0.903186760970667,7.709914719207598,0.0,2.7497597720245492,0.8850468270566451,0.009091970272759108,30.7188278706664
hailo_val,0,final,000188_10.png,113240,0.7405444298772499,0.7405444298772499,6.8422254015640585,0.0,1.4962278427745956,0.7309274888347168,0.01256623101377605,34.068623160709556
hailo_val,0,final,000189_10.png,128157,1.0209513666723609,0.8500331419286665,6.477637385356865,0.0,3.1760700175069143,0.8916852448754776,0.05658684270074986,39.106036138779
hailo_val,0,final,000190_10.png,118771,0.7169952025869871,0.7169178388083358,7.54501039709581,0.0,0.9107839846498028,0.7134902238009957,0.017765279403221326,32.62694649788248
hailo_val,0,final,000191_10.png,81041,0.9316743411486623,0.9260229860482047,7.610622515846509,0.0,1.5326776127317059,0.9215697705169102,0.01653484038943251,32.17856649142101
hailo_val,0,final,000192_10.png,112239,0.9319696131806934,0.9308597104258189,7.3864490437082155,0.0,0.8866285232942958,0.9328836799258423,0.019761402008214614,33.085725236715845
hailo_val,0,final,000193_10.png,121065,1.3899593052119465,1.2459159974412204,7.491529438773608,0.0,3.8865167491474177,1.239765779752542,0.056746375913765336,42.509637384875894
hailo_val,0,final,000194_10.png,104209,1.3821684787392126,0.9501002222380125,6.788844577964761,0.0,5.967349348943543,1.0161845166727717,0.07391875941617326,41.851203958211386
hailo_val,0,final,000195_10.png,117243,0.8538292218418638,0.8538292218418638,7.354682343983231,0.0,0.6925143696711613,0.8565576091830976,0.016632123026534634,34.28940427147037
hailo_val,0,final,000196_10.png,122704,1.0089327248185194,1.0089327248185194,7.022861689900401,0.0,2.2383784736431407,0.9794667375144243,0.023405919937410355,34.23974532971623
hailo_val,0,final,000197_10.png,125132,1.131074246385307,1.1310718595534317,6.248099170468734,0.0,8.299650850309247,1.0475017064640657,0.011523830834638621,38.72595919958524
hailo_val,0,final,000198_10.png,108997,0.9823399272508767,0.9823399272508767,7.764753367932194,0.0,1.149559860342688,0.9797142601562396,0.015459141077277356,34.753659325199315
hailo_val,0,final,000199_10.png,48129,0.8718649921006274,0.8718649921006274,7.428423348052534,0.0,0.7856457704333458,0.8730324721901709,0.013359928525421264,33.54465546045523
hailo_val,1,final,000160_10.png,100174,0.8393091821583899,0.7955469956805599,7.395115815684231,0.0,1.7350245798091024,0.8262915133990468,0.014325074370595164,32.00807068357308
hailo_val,1,final,000161_10.png,114668,3.640958959923984,1.1430200995327238,10.407854960228978,0.0,19.2875924670715,2.625709953001317,0.06093243101824397,50.844698151674834
hailo_val,1,final,000162_10.png,58878,1.1584925253376122,1.0695027088297109,7.6465941736274505,0.0,1.658741920598541,1.152830037979929,0.01119263561941642,33.15132018219878
hailo_val,1,final,000163_10.png,100610,1.5185391681259,1.5781453524380369,6.069075096465166,0.0,1.0241281429995481,1.524270850279702,0.011460093430076533,41.09436134889673
hailo_val,1,final,000164_10.png,104123,1.7495425938518088,1.3478909317713774,7.2402953173927544,0.0,0.7940203146618339,1.7633012954801666,0.01419475043938419,43.737091813888384
hailo_val,1,final,000165_10.png,101598,1.3676571911386965,1.2922226583099046,5.343608007526963,0.0,2.9486204364899122,1.2941319699077836,0.0444398511781728,44.71637094695516
hailo_val,1,final,000166_10.png,109818,0.8920484937557975,0.8939673528492721,6.902140532378978,0.0,2.5067794889426223,0.8522900047206504,0.02403066892494855,34.172360853582745
hailo_val,1,final,000167_10.png,98138,1.0552956379123892,1.0575528137221402,6.366604083736267,0.0,1.0500693296457266,1.0553789575953088,0.015692188550816197,36.84703109396972
hailo_val,1,final,000168_10.png,88776,1.8638051441846544,1.6175995406106403,6.687214034983217,0.0,2.6925878859502372,1.8478090044647169,0.018935297828241868,40.99620309296713
hailo_val,1,final,000169_10.png,53894,1.4264185705286507,1.016046079096062,6.926635237197007,0.0,1.9491787801470075,1.4195393708682973,0.01298845882658552,40.35912987183174
hailo_val,1,final,000170_10.png,88820,1.176765232965555,1.1767528972659878,6.98765689279281,0.0,0.8259663404170521,1.1813830086368637,0.0129925692411619,34.98806240852286
hailo_val,1,final,000171_10.png,84556,0.8579734725450024,0.8580897643582602,7.380166964666514,0.0,1.282608545986952,0.853384579196469,0.010691139599791854,31.94198690254092
hailo_val,1,final,000172_10.png,86649,0.9214216044765537,0.9194142889344271,6.496799683933791,0.0,1.9717899443246227,0.9050853865377058,0.015314660296137289,36.50190621790211
hailo_val,1,final,000173_10.png,116377,1.3147796762441633,1.3547978412920028,6.186683987227647,0.0,4.572171213634835,1.2809560397180066,0.01027694475712555,39.5335476243158
hailo_val,1,final,000174_10.png,98882,1.2183298390095043,1.175181840949679,7.37703429796904,0.0,3.02840777660938,1.18681783293461,0.01711130438300196,34.70424474531512
hailo_val,1,final,000175_10.png,65342,1.2764819997251133,1.1043073076667487,7.294830841618367,0.0,11.33151084570576,1.2335197161399878,0.004254537663371185,35.13500457209758
hailo_val,1,final,000176_10.png,93637,1.7108207019598056,1.671529123776444,7.396698329694587,0.0,2.237713194799967,1.703315842575425,0.014043593878488204,32.66731984285058
hailo_val,1,final,000177_10.png,96550,1.1807073951495983,1.0930847100635415,6.458195715469131,0.0,1.9437239567130966,1.1703665939551866,0.013371310201967893,37.23891575770326
hailo_val,1,final,000178_10.png,97571,1.1485554192669283,1.0535335798490824,7.17096971412594,0.0,1.4781556454004419,1.1439762112703729,0.01370284203298111,35.714922538779454
hailo_val,1,final,000179_10.png,78243,1.3894812689952158,1.3790016311316706,7.898831520142972,0.0,5.6412973026487006,1.3267842696661882,0.014531651393734904,32.657661468118555
hailo_val,1,final,000180_10.png,72597,0.7275379766719634,0.7240581302603318,7.47072891678211,0.0,2.4976886823297093,0.7004294339361626,0.015083267903632382,32.42838369483243
hailo_val,1,final,000181_10.png,73327,0.8066697997060517,0.8066368356920808,7.676317384418037,0.0,1.9833667850746013,0.7881366999364986,0.01550588459912447,30.24144382781922
hailo_val,1,final,000182_10.png,73343,0.9619361334165748,0.9422946676076358,8.207262384100444,0.0,2.1721020222136334,0.9431864708450762,0.015257079748578596,30.29537397272064
hailo_val,1,final,000183_10.png,97632,0.7434856476392249,0.7434856476392249,8.229847958999475,0.0,1.3766066214506913,0.7300555679889,0.02077187807276303,29.16846987443922
hailo_val,1,final,000184_10.png,89496,0.8948252421767225,0.8948035351263957,8.078219977292148,0.0,1.499203108939804,0.8883271425973219,0.010637346920532762,29.702592547781464
hailo_val,1,final,000185_10.png,101975,0.652396934801061,0.6521676702476376,7.878215875244515,0.0,0.6156314163450982,0.6529718251349673,0.015395930375091934,29.93580791094631
hailo_val,1,final,000186_10.png,79095,0.9032145067505909,0.9030692126026022,7.535543691455598,0.0,1.1040141784001394,0.9005051700569263,0.013313104494595107,33.15584809011315
hailo_val,1,final,000187_10.png,77101,0.8956510714369169,0.8976722146961768,7.508747769568511,0.0,2.7260840629544987,0.8788561299833327,0.009091970272759108,30.7188278706664
hailo_val,1,final,000188_10.png,113240,0.7578471659771843,0.7578471659771843,6.650297866630622,0.0,1.1232958610679429,0.7531964107868809,0.01256623101377605,34.068623160709556
hailo_val,1,final,000189_10.png,128157,1.010035859586628,0.8245126505804693,6.286670314810518,0.0,3.5870055435641457,0.8554667007577542,0.05658684270074986,39.106036138779
hailo_val,1,final,000190_10.png,118771,0.7245752485573822,0.724481988590613,7.332632632088981,0.0,0.9374911059700483,0.7207243261485161,0.017765279403221326,32.62694649788248
hailo_val,1,final,000191_10.png,81041,0.921498090802128,0.9133757101875286,7.437020234801224,0.0,1.6442748219219607,0.9093461627246813,0.01653484038943251,32.17856649142101
hailo_val,1,final,000192_10.png,112239,0.9413229061431201,0.9396963189249714,7.1637765420915,0.0,0.8958025829979059,0.9422405861927114,0.019761402008214614,33.085725236715845
hailo_val,1,final,000193_10.png,121065,1.4568492024468602,1.2168974080063852,7.3166093781865555,0.0,4.507329277666028,1.273331551790039,0.056746375913765336,42.509637384875894
hailo_val,1,final,000194_10.png,104209,1.3412606748163567,0.9115764253579346,6.520088743237605,0.0,5.855544270160491,0.9809356532121469,0.07391875941617326,41.851203958211386
hailo_val,1,final,000195_10.png,117243,0.8714827201701206,0.8714827201701206,7.065568931181471,0.0,0.7001017223260342,0.8743813605541506,0.016632123026534634,34.28940427147037
hailo_val,1,final,000196_10.png,122704,1.0177333751718385,1.0177333751718385,6.880911681406158,0.0,2.315735516773957,0.9866243045506247,0.023405919937410355,34.23974532971623
hailo_val,1,final,000197_10.png,125132,1.1433418044477526,1.143345624668831,6.124199627793453,0.0,8.44592866024594,1.058206949196229,0.011523830834638621,38.72595919958524
hailo_val,1,final,000198_10.png,108997,1.041851281321355,1.041851281321355,7.387277511961641,0.0,1.3877192245392842,1.036420504853465,0.015459141077277356,34.753659325199315
hailo_val,1,final,000199_10.png,48129,0.8355700092933505,0.8355700092933505,7.21386162330009,0.0,1.132296605948156,0.8315520839753822,0.013359928525421264,33.54465546045523
hailo_val,2,final,000160_10.png,100174,0.8354722954569197,0.7980984097964023,7.487267879578468,0.0,1.8140199907150003,0.8212508030102132,0.014325074370595164,32.00807068357308
hailo_val,2,final,000161_10.png,114668,3.5877939342400373,1.1161919474592807,10.369092898286166,0.0,18.468619532521675,2.622235214919138,0.06093243101824397,50.844698151674834
hailo_val,2,final,000162_10.png,58878,1.1343544444343294,1.0450419174013843,7.725614138225194,0.0,1.5671109386206759,1.1294559314116255,0.01119263561941642,33.15132018219878
hailo_val,2,final,000163_10.png,100610,1.5308143621244128,1.5848350509765587,6.152000519883596,0.0,0.9005513129188822,1.5381209699623124,0.011460093430076533,41.09436134889673
hailo_val,2,final,000164_10.png,104123,1.5548414211391894,1.3217191724942972,7.151910294888635,0.0,0.6629394697723595,1.5676840445901143,0.01419475043938419,43.737091813888384
hailo_val,2,final,000165_10.png,101598,1.3390997381256697,1.2728415816091685,5.396173114638063,0.0,2.8501504089085103,1.2688259128567296,0.0444398511781728,44.71637094695516
hailo_val,2,final,000166_10.png,109818,0.8664458809358491,0.868306378417285,7.04605561512087,0.0,2.3156299222459755,0.8307635487157553,0.02403066892494855,34.172360853582745
hailo_val,2,final,000167_10.png,98138,1.0250368074022072,1.0270329345957194,6.457122786282332,0.0,1.124373247716334,1.0234531502034685,0.015692188550816197,36.84703109396972
hailo_val,2,final,000168_10.png,88776,1.8757198088349787,1.6337804069939765,6.750445028280389,0.0,3.2836355224101053,1.848545960571361,0.018935297828241868,40.99620309296713
hailo_val,2,final,000169_10.png,53894,1.377563156240897,0.9804751512923512,6.947092400732503,0.0,1.2627579947880336,1.3790739208575267,0.01298845882658552,40.35912987183174
hailo_val,2,final,000170_10.png,88820,1.0979830352338256,1.097965182775083,7.082553159833572,0.0,1.2969444479851417,1.0953639871386116,0.0129925692411619,34.98806240852286
hailo_val,2,final,000171_10.png,84556,0.8185485055765922,0.8186750234025107,7.5165521423403545,0.0,0.5649311521411997,0.8212892659589572,0.010691139599791854,31.94198690254092
hailo_val,2,final,000172_10.png,86649,0.8803949835122998,0.8812070669304224,6.558541095938225,0.0,1.862267018442506,0.8651240781144847,0.015314660296137289,36.50190621790211
hailo_val,2,final,000173_10.png,116377,1.2853845852619032,1.321732592637674,6.329031959017163,0.0,3.1394756055595883,1.2661323400107243,0.01027694475712555,39.5335476243158
hailo_val,2,final,000174_10.png,98882,1.2929490411149696,1.2510137715076028,7.552241572761624,0.0,3.6015787507907153,1.2527576482888418,0.01711130438300196,34.70424474531512
hailo_val,2,final,000175_10.png,65342,1.3458288167192969,1.136385270242222,7.510207948173571,0.0,9.959878057027035,1.309023429887784,0.004254537663371185,35.13500457209758
hailo_val,2,final,000176_10.png,93637,1.7767719440331264,1.7127241229416685,7.560230902870184,0.0,2.592047880629623,1.7651594588548982,0.014043593878488204,32.66731984285058
hailo_val,2,final,000177_10.png,96550,1.178554774935785,1.0752061437795146,6.57096790495467,0.0,1.7245389116909224,1.1711553111523012,0.013371310201967893,37.23891575770326
hailo_val,2,final,000178_10.png,97571,1.161679794813016,1.0381184580873786,7.2716632459421,0.0,1.068010656888929,1.1629811606234832,0.01370284203298111,35.714922538779454
hailo_val,2,final,000179_10.png,78243,1.4526825760740119,1.4350030075474718,8.075313580133216,0.0,6.63096523704294,1.3763239608492346,0.014531651393734904,32.657661468118555
hailo_val,2,final,000180_10.png,72597,0.7210959681765472,0.7177163788545231,7.590365389870377,0.0,2.3194411517278244,0.6966184993506591,0.015083267903632382,32.42838369483243
hailo_val,2,final,000181_10.png,73327,0.7977155117553738,0.7976919703169402,7.808265561140718,0.0,2.1686154686786043,0.7761236950076011,0.01550588459912447,30.24144382781922
hailo_val,2,final,000182_10.png,73343,0.9647803611368404,0.9422758602474616,8.358506047052613,0.0,2.2080647679074095,0.9455175779736776,0.015257079748578596,30.29537397272064
hailo_val,2,final,000183_10.png,97632,0.718528761707615,0.718528761707615,8.352114032874612,0.0,1.0323279256651388,0.711872296449824,0.02077187807276303,29.16846987443922
hailo_val,2,final,000184_10.png,89496,0.9116486344631997,0.9116244999428249,8.234511608123524,0.0,1.4136609495187007,0.9062511402915693,0.010637346920532762,29.702592547781464
hailo_val,2,final,000185_10.png,101975,0.6658780861508762,0.6655186416238886,7.975539585926217,0.0,0.6406063444295507,0.6662732520739126,0.015395930375091934,29.93580791094631
hailo_val,2,final,000186_10.png,79095,0.8751618425526129,0.8750808885256796,7.609218158260128,0.0,0.9561573129999899,0.8740689921594773,0.013313104494595107,33.15584809011315
hailo_val,2,final,000187_10.png,77101,0.9066409501467736,0.9083405801532857,7.6363934483275,0.0,2.591252891551411,0.8911839740875503,0.009091970272759108,30.7188278706664
hailo_val,2,final,000188_10.png,113240,0.7830422874475612,0.7830422874475612,6.733633919075495,0.0,1.3947375043545989,0.7752577618954652,0.01256623101377605,34.068623160709556
hailo_val,2,final,000189_10.png,128157,1.018263893859978,0.8571366286800692,6.389065962767131,0.0,3.363441888758706,0.8775978269561645,0.05658684270074986,39.106036138779
hailo_val,2,final,000190_10.png,118771,0.6816015013926102,0.681531078344439,7.518630239822634,0.0,0.9558577478779435,0.6766411403457817,0.017765279403221326,32.62694649788248
hailo_val,2,final,000191_10.png,81041,0.9463408608331322,0.938679633909057,7.553597618429984,0.0,1.6783329828461604,0.9340339958816578,0.01653484038943251,32.17856649142101
hailo_val,2,final,000192_10.png,112239,0.9336942521520125,0.9329105900966277,7.32199445978763,0.0,0.9102505872225954,0.934166871459358,0.019761402008214614,33.085725236715845
hailo_val,2,final,000193_10.png,121065,1.4327542420987012,1.2194598716919416,7.41411276947968,0.0,4.588599127001811,1.2428978179182697,0.056746375913765336,42.509637384875894
hailo_val,2,final,000194_10.png,104209,1.3941940846360035,1.0050488132260829,6.606980507618774,0.0,5.3799394774433855,1.076056385831833,0.07391875941617326,41.851203958211386
hailo_val,2,final,000195_10.png,117243,0.8713263483537894,0.8713263483537894,7.17477961114374,0.0,0.8749144294934394,0.8712656615972446,0.016632123026534634,34.28940427147037
hailo_val,2,final,000196_10.png,122704,1.0039022526571284,1.0039022526571284,6.93307773317534,0.0,2.378817683142872,0.9709498099343578,0.023405919937410355,34.23974532971623
hailo_val,2,final,000197_10.png,125132,1.2219502546291645,1.2219496939047783,6.140384609367035,0.0,9.320021551293573,1.1275415004065914,0.011523830834638621,38.72595919958524
hailo_val,2,final,000198_10.png,108997,1.0216710189953309,1.0216710189953309,7.657425004611277,0.0,1.210037938352862,1.018713304488869,0.015459141077277356,34.753659325199315
hailo_val,2,final,000199_10.png,48129,0.8613129600248761,0.8613129600248761,7.355831604897165,0.0,0.992272497892009,0.8595396587813818,0.013359928525421264,33.54465546045523
hailo_calib,0,final,000000_10.png,87610,0.7725112710447021,0.7725112710447021,7.303643110737029,0.0,0.8971142870647763,0.7707545519791352,0.013902522543088689,33.49412212147586
hailo_calib,0,final,000001_10.png,105102,0.9395597194192099,0.9246445924672974,6.932451543439406,0.0,1.6532261518368687,0.9327665521791881,0.009428935700557554,35.56523796526232
hailo_calib,0,final,000002_10.png,98507,0.9850816439440852,0.9842875876063617,7.877886223197873,0.0,1.9641843751857155,0.9820507056805142,0.0030860751012618394,30.741066862634128
hailo_calib,0,final,000003_10.png,92427,1.8494532296122748,1.378702583701512,8.530570180599229,0.0,6.617913502913255,1.7855635475337286,0.013221244874333257,31.58101778126251
hailo_calib,0,final,000004_10.png,94953,1.212282653199065,1.019604526068963,7.041628379494756,0.0,2.901959972146317,1.169384752755824,0.02475961791623224,41.29626170315841
hailo_calib,0,final,000005_10.png,90998,1.0838078120013703,1.0303799462798156,6.900510643547154,0.0,2.2271774875697288,1.0612837881370811,0.019319105914415702,40.49925470546056
hailo_calib,0,final,000006_10.png,108776,1.3989761904284228,1.3575962092052731,6.098846564549264,0.0,7.199317898957625,1.3181463057866767,0.013743840553063175,49.990637331821816
hailo_calib,0,final,000007_10.png,107098,0.8217592621791725,0.8227293627085677,7.3637754988426805,0.0,1.3854961815847715,0.812046307012179,0.01693775794132477,32.08266913685363
hailo_calib,0,final,000008_10.png,99718,0.7342776234044397,0.7361293463634871,7.502427636416261,0.0,16.688137184690547,0.6996448153680405,0.002166108425760645,31.999879778161915
hailo_calib,0,final,000009_10.png,94315,0.6977904518304192,0.6976847300230207,8.109501245427168,0.0,1.9663123120082897,0.6869248487121431,0.008492816625139161,29.710360436105073
hailo_calib,0,final,000010_10.png,109510,0.7133929027247,0.7128861651762899,8.126650860716508,0.0,1.1797780877157964,0.7079599498265321,0.011514930143365902,29.398315472045933
hailo_calib,0,final,000011_10.png,61026,0.6826422294910743,0.6835202012272105,8.241516048224616,0.0,1.5149925115861391,0.674266100332317,0.009962966604398125,29.221619294440075
hailo_calib,0,final,000012_10.png,75893,0.7378975351685543,0.7376176589861866,8.295662964412754,0.0,0.6765290847341463,0.7386986877351277,0.01288656397823251,29.8111213628892
hailo_calib,0,final,000013_10.png,87056,0.7725362379560574,0.7721792159163353,7.953336721066056,0.0,2.16909733051207,0.7470871960813671,0.01789652637382834,30.314271219818277
hailo_calib,0,final,000014_10.png,93131,0.6129142529834064,0.6130553185817903,7.481665347522089,0.0,1.4944242214635697,0.5992752237912249,0.015236602205495485,32.58702828542591
hailo_calib,0,final,000015_10.png,89331,0.6569014214506943,0.6562405156903898,7.046774191176927,0.0,2.487724283962098,0.6254645441330531,0.01688103793755807,33.807638865567384
hailo_calib,0,final,000016_10.png,82697,0.6576208496764921,0.6569245960526441,6.861012115558318,0.0,2.3773507757155414,0.6385075995325896,0.010991934411163645,34.165030878916404
hailo_calib,0,final,000017_10.png,74578,0.5994073829901772,0.5994032630806504,7.33868488383992,0.0,1.488607656420916,0.5651835609532128,0.03706186811123924,33.191522267374424
hailo_calib,0,final,000018_10.png,96240,1.7117003809930083,1.7599197707034155,5.692418177932476,0.0,1.6369502219600953,1.7127878279618616,0.014339152119700748,43.14033146300915
hailo_calib,0,final,000019_10.png,91658,1.3454231486199488,1.3417215504666238,6.7493244117995355,0.0,1.271430524814525,1.3465076376707867,0.014445002072923258,35.36317926592605
hailo_calib,0,final,000020_10.png,123518,1.4981936938551228,1.4707157987170716,5.803549142758555,0.0,1.869033656917104,1.493536382168446,0.01240305056752862,44.4651247692644
hailo_calib,0,final,000021_10.png,95980,1.3546437154737307,1.179408437259519,7.135064957285454,0.0,1.806991353603943,1.3467264689159066,0.017201500312565118,36.291101295517294
hailo_calib,0,final,000022_10.png,113218,0.9773245991654607,0.7592957579671387,7.362641670052384,0.0,1.2546276597711177,0.974030836887266,0.011738416152908548,33.2131677452459
hailo_calib,0,final,000023_10.png,113833,1.1873024020755023,1.1873024020755023,7.872526006410495,0.0,3.0251755678564085,1.1633742322656113,0.01285216062126097,32.1044579490899
hailo_calib,0,final,000024_10.png,67606,1.0387156091843597,1.0376555696298304,8.012554130360096,0.0,1.0023601205499322,1.038835384182532,0.003283732213117179,29.36391497703606
hailo_calib,0,final,000025_10.png,102734,0.8660139825374858,0.8739344785326598,7.411046766270768,0.0,3.3473585350498274,0.8353022148838516,0.012225748048357896,33.632288999990266
hailo_calib,0,final,000026_10.png,102087,0.8598433851124938,0.864519109719713,7.823484393395609,0.0,1.603264176827011,0.8551312328997219,0.006298549276597412,30.48603121602163
hailo_calib,0,final,000027_10.png,105979,0.8458615322980693,0.8526248685486044,6.849514500058774,0.0,4.150222281582422,0.8073158615016024,0.011530586248218986,35.040755494602706
hailo_calib,0,final,000028_10.png,110350,0.8929033783911362,0.8919462517584249,7.02183155412419,0.0,4.943139524391352,0.851598652232688,0.010095151789759855,34.50376153998641
hailo_calib,0,final,000029_10.png,80440,0.9858531831213042,0.9945772816873735,6.822158449422893,0.0,4.604676008490877,0.945136023919522,0.011126305320735953,35.4528837001958
hailo_calib,0,final,000030_10.png,98159,0.9837659610743666,0.9224351181883538,7.146295141858738,0.0,1.9155285994894002,0.9725745113583686,0.011868499067838914,35.974044662231684
hailo_calib,0,final,000031_10.png,101609,0.8951288016555354,0.8586293190164602,7.171801335006156,0.0,4.8150328936014635,0.8504531946194022,0.011268686828922635,35.85982144944099
hailo_calib,0,final,000032_10.png,54547,0.8924494650474637,0.8779569838485688,7.616213940069638,0.0,1.081021239739338,0.8868537155464608,0.028819183456468733,32.76108490728179
hailo_calib,0,final,000033_10.png,77245,0.7954898314519533,0.7953483960378601,7.270064041796483,0.0,1.907772106072632,0.781876176218819,0.012091397501456404,34.27176440424947
hailo_calib,0,final,000034_10.png,74208,0.7008260609570018,0.6913801616209071,8.184742592323335,0.0,1.5679775503965525,0.6885004876323636,0.014014661492022424,30.419780064986256
hailo_calib,0,final,000035_10.png,73361,0.7647538030877651,0.763864521868997,8.165727003185438,0.0,1.3908822782594046,0.7564604243456088,0.013072340889573479,29.58746419674623
hailo_calib,0,final,000036_10.png,91251,0.8840917367347096,0.8796496669417364,8.200997072196794,0.0,1.6218998640881739,0.8725539897127875,0.015397091538722863,29.10904550874785
hailo_calib,0,final,000037_10.png,92276,0.8119595107344327,0.8108202832150375,8.078345408917734,0.0,1.3353500573358241,0.8050808835615184,0.012971953704105076,29.926712982655296
hailo_calib,0,final,000038_10.png,92448,0.739873192309508,0.7398171179618083,7.748275701460767,0.0,1.330228985493754,0.7310456601935194,0.014732606438213915,30.89596664307232
hailo_calib,0,final,000039_10.png,87854,0.6800280535281075,0.6758563778282676,7.68264325260424,0.0,1.3463138026399843,0.6692541630259051,0.015912764359050244,31.502703304274707
hailo_calib,0,final,000040_10.png,92019,0.5790045835879102,0.5768869509275392,7.767075257773976,0.0,1.311361714653595,0.5654595270729816,0.018159293189450004,31.154005898238406
hailo_calib,0,final,000041_10.png,91156,0.7241479542409298,0.7062515666392196,7.544076919764904,0.0,1.1759861097508728,0.7169263595930033,0.015731273860195707,32.204536513984266
hailo_calib,0,final,000042_10.png,64470,1.073646908300467,0.9239740699586286,7.742299677956949,0.0,1.460329796045305,1.0662444362876466,0.018783930510314874,33.2092562432139
hailo_calib,0,final,000043_10.png,50960,0.6815888924913092,0.6815518986472783,8.397078404733486,0.0,0.6423135129992444,0.6821256057511316,0.01348116169544741,29.639735822213503
hailo_calib,0,final,000044_10.png,52298,0.6744826901478268,0.6744543712225846,8.305521032943238,0.0,0.8205818071894381,0.6725952947639149,0.012753833798615626,30.04319656105396
hailo_calib,0,final,000045_10.png,67979,0.8125206781707834,0.8117485175986814,7.6968992673056045,0.0,0.6621883683285471,0.8138368583011745,0.00867915091425293,31.09029523363833
hailo_calib,0,final,000046_10.png,54050,0.601583363791509,0.6015799902136895,8.082030901472178,0.0,0.696206192460737,0.6004728212615948,0.01160037002775208,30.621937586725256
hailo_calib,0,final,000047_10.png,67163,0.7231660993757035,0.7231361562387015,7.020787650175742,0.0,0.7699542257520887,0.7226910965886734,0.010050176436430773,34.47296077965174
hailo_calib,0,final,000048_10.png,62227,0.7415461718077286,0.741546961834511,7.3884180372174,0.0,0.7636991244310524,0.7412999598974488,0.010992013113278801,33.30539220314333
hailo_calib,0,final,000049_10.png,81372,1.0046796654726688,0.7356483897090003,5.064967617245308,0.0,0.6180577307391021,1.0078025284737377,0.008012584181290862,49.33561097106499
hailo_calib,0,final,000050_10.png,46450,0.6949540788673098,0.6949241584675826,8.20468779061916,0.0,0.9831305895766167,0.6903528353673579,0.01571582346609257,29.911212577368136
hailo_calib,0,final,000051_10.png,59086,0.6418806756555164,0.6418659857407514,7.229896133748114,0.0,0.7099367143087973,0.6410659194423416,0.011830213586974917,34.17378971435704
hailo_calib,0,final,000052_10.png,71080,0.6524180609353419,0.652406000414427,7.256142030382129,0.0,0.7546010535192258,0.6515233089885861,0.008680360157568937,33.555780458638154
hailo_calib,0,final,000053_10.png,54108,0.6219926918302908,0.6219527078127456,8.318233262446517,0.0,0.6920835662380432,0.6211032736598162,0.01253049456642271,29.13143937818807
hailo_calib,0,final,000054_10.png,118710,0.6483531929410083,0.6439226192041076,6.698054297736978,0.0,1.3051415734989629,0.6377614641394471,0.015870609047258025,34.82849561826089
hailo_calib,0,final,000055_10.png,118261,0.640229827478039,0.6152163610373571,6.819161795155373,0.0,1.6169442045539448,0.6254914612994904,0.014865424780781492,35.967621801566025
hailo_calib,0,final,000056_10.png,91420,0.7193148206188391,0.5860373327494416,6.798011792178124,0.0,1.0647611202132,0.7143044634720365,0.01429665281120105,36.37197092574109
hailo_calib,0,final,000057_10.png,98907,0.9650792843571836,0.7282601731948997,7.496844321085871,0.0,1.6051529903817345,0.949168304741474,0.02425510833409162,33.84056708574722
hailo_calib,0,final,000058_10.png,118300,1.264839118435941,0.8541626180718853,6.4449930060846965,0.0,3.7592665938789964,1.18822960546764,0.029797125950972104,47.736982413620034
hailo_calib,0,final,000059_10.png,97093,0.7986161372909922,0.7825313014583101,7.115198601167984,0.0,1.5209443633188338,0.7850646670833664,0.018415333752175748,34.49694912352075
hailo_calib,0,final,000060_10.png,93842,1.214305254858231,1.204592508807665,7.701551669348369,0.0,2.204082032428285,1.2004554171870667,0.013799791138296285,31.293475336203407
hailo_calib,0,final,000061_10.png,64428,1.378737381097139,1.369302991616384,7.469037947888895,0.0,5.7670357564149475,1.3290034246883322,0.011206307816477308,31.640010518039517
hailo_calib,0,final,000062_10.png,90028,1.0966092848727984,1.0800608373433433,7.464288876715243,0.0,2.107420906187996,1.0778774211357887,0.01819433953881015,32.84049845082919
hailo_calib,0,final,000063_10.png,69157,1.1419240332519238,1.1331074067687523,7.760962895678094,0.0,2.6157617223288203,1.1216590080777917,0.01356334138265107,30.83683327654829
hailo_calib,0,final,000064_10.png,89545,1.3211630980129372,1.3172066084688776,6.721922040857644,0.0,1.9635676747448039,1.3115146502213963,0.014797029426545313,34.5911442919761
hailo_calib,0,final,000065_10.png,81302,1.4477846711321964,1.4358569458326995,7.646762978138834,0.0,4.9306636534931805,1.406957493414625,0.011586430838109764,32.013437745996406
hailo_calib,0,final,000066_10.png,86218,1.0837166868776746,1.0186743084795251,8.308523032856003,0.0,1.9586787996400374,1.0737712530630057,0.011238952422927927,29.907562669990604
hailo_calib,0,final,000067_10.png,65283,1.3599549200054097,1.347901876952433,7.992163946919167,0.0,6.320898036685967,1.2838784325635846,0.015103472573257969,31.354918262124137
hailo_calib,0,final,000068_10.png,65364,1.2519300989024709,1.2234879429774832,8.05636082256696,0.0,3.7210948915409863,1.2162528462222222,0.014243314362646104,31.683799508808367
hailo_calib,0,final,000069_10.png,80125,1.2125476749735578,1.1852475400049345,7.692918194025429,0.0,1.962378094679931,1.2005002588360958,0.01581279251170047,31.521213728549142
hailo_calib,0,final,000070_10.png,58156,0.6911013665639745,0.6863111467835479,7.896958441819258,0.0,0.7619586738559843,0.6889392606853049,0.029610014443909486,30.08638477489425
hailo_calib,0,final,000071_10.png,103023,0.624439581861711,0.6186597543768566,7.578212806760386,0.0,2.282549124497634,0.6051785489773994,0.011482872756568922,31.343263078996923
hailo_calib,0,final,000072_10.png,77477,0.9969240333021633,0.9097783089574727,7.989711097483314,0.0,0.7586427554421836,1.0004286286742035,0.014494624211056184,33.072362453131255
hailo_calib,0,final,000073_10.png,75365,0.698715054410728,0.6782686018124577,8.246578062552649,0.0,1.6259509398544514,0.6826820490485256,0.016997279904464938,29.56445574246998
hailo_calib,0,final,000074_10.png,77566,0.8103670812398829,0.6716535257420989,8.412332273226115,0.0,1.1300326064811594,0.8055521231877635,0.014838975839929866,29.5508249124133
hailo_calib,0,final,000075_10.png,78291,0.7215938770200492,0.7215639241430887,8.0532822561624,0.0,0.5854173854132679,0.7230992308886539,0.010933568353961502,28.770186457814436
hailo_calib,0,final,000076_10.png,79154,0.6063885571069455,0.6050357571416308,7.997738726628171,0.0,0.7048768975952421,0.6052583877939409,0.011344973090431311,29.774512244327514
hailo_calib,0,final,000077_10.png,115830,1.3644876184029602,0.7919412421520042,7.851905406333412,0.0,7.566823636249212,0.9385083469394178,0.06426659759993093,42.05771537490288
hailo_calib,0,final,000078_10.png,105636,0.8718388847203522,0.8718388847203522,7.059034627914573,0.0,1.3901833825641208,0.8659431924769545,0.011246166079745542,32.95976432336041
hailo_calib,0,final,000079_10.png,88827,0.802604841512539,0.8017573860893336,7.45128918322166,0.0,1.912772145764581,0.7942939391818961,0.009467735398748142,31.180661830721515
hailo_calib,0,final,000080_10.png,72303,0.596172115168756,0.596172115168756,7.892098162109363,0.0,0.8180047934194277,0.5928051621880903,0.014950970222535718,30.99862276634441
hailo_calib,0,final,000081_10.png,75495,0.8560320060753224,0.8527162509541358,7.591818285029459,0.0,1.6726273621354149,0.8442919048864168,0.014173124047950195,32.03743827198821
hailo_calib,0,final,000082_10.png,105645,0.7817458530873592,0.7833203430546299,6.606046617850876,0.0,3.6925198382688156,0.7259497938487519,0.018808272989729754,35.8413626192082
hailo_calib,0,final,000083_10.png,86345,0.8662340056275623,0.8625614342150066,6.95692344045686,0.0,1.2346806562958157,0.857743143831949,0.022525913486594475,33.98904327298917
hailo_calib,0,final,000084_10.png,93638,0.9480591392539496,0.9329646448658906,7.675942389580433,0.0,2.8113139616872345,0.9257679818209418,0.011822123496870928,31.833948331940558
hailo_calib,0,final,000085_10.png,115446,0.9089320803077682,0.7480970921553713,6.367978961127027,0.0,1.7618924751967013,0.8835196338826969,0.02893127522824524,44.14931724031149
hailo_calib,0,final,000086_10.png,110239,1.6202032029645514,0.8216315360312945,7.268975278393636,0.0,1.4105492987387764,1.6227888369031278,0.012182621395331961,42.22698108626484
hailo_calib,0,final,000087_10.png,74695,1.1933548161954604,1.1914622798490186,7.155458612133679,0.0,2.3201591919283877,1.1732870487255342,0.017497824486244058,31.492406777143717
hailo_calib,0,final,000088_10.png,102026,0.9238052278849985,0.9198708435658743,7.154484569118535,0.0,1.2182536345852213,0.919438364858291,0.0146139219414659,32.208343338952815
hailo_calib,0,final,000089_10.png,80425,0.6711163673780333,0.6656127863812782,7.742269438013439,0.0,1.5619428901860786,0.6457465284269921,0.027690394777743238,31.294442803854523
hailo_calib,0,final,000090_10.png,85092,1.4355643916319474,1.4702227337529974,5.92143806916716,0.0,3.282656013764158,1.2597109039054275,0.08692944107554176,45.37128926448726
hailo_calib,0,final,000091_10.png,107843,1.6624779937389849,1.0487033071747778,6.163633746764259,0.0,4.831290249071033,1.3309551022214896,0.09471175690587243,47.10661063710672
hailo_calib,0,final,000092_10.png,81754,0.6634627050431556,0.6588750328885254,7.270371000165473,0.0,1.2555033964491693,0.6560644877216042,0.01234190376006067,32.43184369228111
hailo_calib,0,final,000093_10.png,101947,1.1595160780256373,1.1599430063631684,5.888540123499819,0.0,2.982564472617467,1.061192461003146,0.05117364905293927,37.699568272913865
hailo_calib,0,final,000094_10.png,112889,0.8111960717472673,0.8048839501096285,6.398318812156712,0.0,1.3468283096001543,0.7755496691450117,0.06239757638033821,36.925218369925325
hailo_calib,0,final,000095_10.png,101993,1.3873449049369706,0.984024519576993,6.6203150179253525,0.0,3.6740187128804953,1.2163829176731789,0.06956359750178934,43.259800190025295
hailo_calib,0,final,000096_10.png,81836,0.711034698589811,0.703701643129616,7.610005113769588,0.0,1.022718229313148,0.7033306179300747,0.024121413558824967,31.03735495953798
hailo_calib,0,final,000097_10.png,50490,0.6774616794034641,0.6716579411822227,8.152875284054039,0.0,1.2614927537929488,0.6553604808597933,0.03646266587443058,29.037796237497524
hailo_calib,0,final,000098_10.png,105380,0.6421455271489753,0.6404478437826835,8.02016298253705,0.0,0.5661596919016508,0.644641944992597,0.031808692351489844,30.722343505349688
hailo_calib,0,final,000099_10.png,52319,0.6617982109792531,0.6622290671174238,7.887171637444812,0.0,2.245705702452533,0.6445066444784531,0.01079913606911447,31.119851222189837
hailo_calib,0,final,000100_10.png,121273,0.7891188981662353,0.7888474648031706,6.728166776144082,0.0,2.2439029676643507,0.7713668193954525,0.012055445152672071,34.574891624939184
hailo_calib,0,final,000101_10.png,112816,0.5292522743726822,0.5292522743726822,7.784856686489309,0.0,1.4652136423880187,0.5154540905560911,0.01452808112324493,30.850922215155652
hailo_calib,0,final,000102_10.png,91185,0.6375534934315653,0.6375534934315653,7.541613218191718,0.0,1.220365906412136,0.6299585176458233,0.012863957887810496,32.21779281131765
hailo_calib,0,final,000103_10.png,120317,0.6914085608987848,0.6912634694800978,7.116947073661299,0.0,2.482738330385011,0.667174280926458,0.01334807217600173,32.794348665920026
hailo_calib,0,final,000104_10.png,127547,3.835697545748562,3.834276370697912,9.657503437720942,0.0,7.466629566995143,3.744562389328956,0.024485091770092594,36.0416891052906
hailo_calib,0,final,000105_10.png,100909,0.8503274592824592,0.8005326825345987,7.684142780518489,0.0,0.6051347202386338,0.8534078380745447,0.012407218384881428,29.985974213152446
hailo_calib,0,final,000106_10.png,109001,0.6878129133424548,0.6878566704632845,8.018502070393458,0.0,0.6860810706403484,0.6878362783239588,0.013311804478857991,29.34863402199292
hailo_calib,0,final,000107_10.png,103725,0.7613416341725071,0.7588829067995585,7.860481380721005,0.0,1.0089685976946796,0.7580762236645224,0.013015184381778741,31.326836587129428
hailo_calib,0,final,000108_10.png,102894,0.6381975421799486,0.6369840183471998,8.020884387386129,0.0,1.4025659459341464,0.6297554660689166,0.010923863393395145,30.246923563327307
hailo_calib,0,final,000109_10.png,108915,0.5325449969416856,0.5299748273965662,7.6254530398164775,0.0,1.0763045497056916,0.5242321032895488,0.015057613735481798,31.42184247033237
hailo_calib,0,final,000110_10.png,106980,0.5159510894498328,0.5157705036460102,7.6772811625422355,0.0,0.8260736203257928,0.5104787727337814,0.017339689661618994,31.35613176820434
hailo_calib,0,final,000111_10.png,106801,0.8150114662998778,0.7050663471023764,7.912919395511355,0.0,1.0536344638001773,0.8111263778164539,0.0160204492467299,30.334318835380756
hailo_calib,0,final,000112_10.png,58050,0.8520281760719293,0.7609359287652726,8.27435533912915,0.0,1.176830724630942,0.8479719681539705,0.012334194659776055,31.646467619509043
hailo_calib,0,final,000113_10.png,49460,1.018694375634338,0.9312176902957083,8.372428924238156,0.0,0.9413882454673013,1.0194121450298284,0.009199353012535383,32.057426376743834
hailo_calib,0,final,000114_10.png,55148,0.9205985268836112,0.82350689476651,7.933508595848235,0.0,0.9566775494879418,0.920115882112278,0.013200841372307245,33.28913035717524
hailo_calib,0,final,000115_10.png,95371,0.840414464750589,0.8316488899027936,7.949730727293366,0.0,0.6388622280541688,0.8428181987054818,0.011785553260425076,30.916858529781067
hailo_calib,0,final,000116_10.png,98060,0.6835565407957419,0.6528673665649108,8.395433185549383,0.0,0.6374166004231836,0.6843087470640064,0.01604119926575566,30.60284499764175
hailo_calib,0,final,000117_10.png,95741,0.6228316572523044,0.6220662381936644,7.418426677490174,0.0,1.3354172950114158,0.6147245127003462,0.011249099132033298,32.342133619282755
hailo_calib,0,final,000118_10.png,71766,1.281954688657517,1.2854194000831252,7.339413528002794,0.0,1.9088510188711696,1.2701355239094587,0.018504584343561017,35.135464946405676
hailo_calib,0,final,000119_10.png,93537,1.073736655495087,0.9088759576789446,8.871947190828271,0.0,3.1125100501079648,1.0395406498002844,0.016496145910174582,30.113139051925977
hailo_calib,0,final,000120_10.png,74020,1.4262452935244836,1.0294989455089256,8.46889095832064,0.0,6.899358275710353,1.312269281897113,0.020399891921102406,36.871532451111186
hailo_calib,0,final,000121_10.png,104975,0.6461857387013991,0.6398407859401715,7.492694310476508,0.0,0.6031208966054074,0.6467973547381229,0.014003334127173136,32.47508569748749
hailo_calib,0,final,000122_10.png,78317,0.9161954214988237,0.9170872033445446,7.9295363610143665,0.0,2.005617680129258,0.9003467649135712,0.014339160080186932,31.742697995406488
hailo_calib,0,final,000123_10.png,99756,0.891930721733353,0.8918426940724471,8.137757870642279,0.0,1.446385665914133,0.8835636556804178,0.014866273707847147,30.546756703544148
hailo_calib,0,final,000124_10.png,88356,0.9045781963542586,0.9056462492657207,7.889696062099583,0.0,0.9958070419510335,0.9029652654044763,0.017372900538729686,30.837892260783082
hailo_calib,0,final,000125_10.png,103889,0.7179439519460981,0.7159725710487654,7.4702200972250985,0.0,1.6767327173648532,0.7034509166321232,0.014890893164820144,32.32789180339112
hailo_calib,0,final,000126_10.png,99706,0.8994425040052936,0.8392503308911098,7.653780465532257,0.0,1.8577794397935279,0.8821324165060912,0.017742161956151085,34.6428172263956
hailo_calib,0,final,000127_10.png,111109,0.6703336709415316,0.6698765743589258,7.677934962838459,0.0,1.53337691694118,0.6598538151723514,0.011997227947331,31.360612101629933
hailo_calib,0,final,000128_10.png,115372,0.689468472756894,0.6892120582072584,7.005920588736667,0.0,2.0695689775101713,0.65613318524561,0.02358457858059148,33.67523346354618
hailo_calib,0,final,000129_10.png,82267,0.7151829789863129,0.7054424907301889,7.4767202878715056,0.0,1.5310191779558604,0.7023193806891883,0.015522627542027788,32.71166436344464
hailo_calib,0,final,000130_10.png,100099,0.7403356313293388,0.7364166889462609,8.165561459688737,0.0,1.8094642408225567,0.7307227741754287,0.008911177933845493,28.478953102053968
hailo_calib,0,final,000131_10.png,97061,0.8441938194974243,0.7092023489106589,7.618176755974814,0.0,1.0340657674430873,0.8406101641180399,0.018524433088470137,38.57397860623731
hailo_calib,0,final,000132_10.png,72730,0.8869110322664057,0.8330041760126521,7.4543579148374235,0.0,1.535040811340811,0.8765258171091987,0.015770658600302488,38.46711048140382
hailo_calib,0,final,000133_10.png,113809,0.8101420632421282,0.8101420632421282,7.633784395697594,0.0,1.1682903099328321,0.8056105177182316,0.012494618176066919,31.322699414424605
hailo_calib,0,final,000134_10.png,112163,0.7940960156843493,0.7913719032680077,6.6669077352829875,0.0,1.8910848202813626,0.7774757253487015,0.01492470779133939,35.64367691997361
hailo_calib,0,final,000135_10.png,100682,0.5319096107372654,0.5306408892061125,7.373934737055258,0.0,1.4172013968506096,0.5204014410254388,0.012832482469557618,32.08175807399783
hailo_calib,0,final,000136_10.png,80212,1.1143076565327124,1.0403382149090095,5.116193653276565,0.0,2.8497335380978055,1.0437919084649663,0.03904652670423378,46.83517979113163
hailo_calib,0,final,000137_10.png,100513,0.845817492084185,0.845817492084185,6.428772855160558,0.0,0.7907255500283284,0.8465483709993287,0.013092833762796852,35.910649967230604
hailo_calib,0,final,000138_10.png,72744,0.607979729075145,0.607979729075145,7.5391879739586205,0.0,0.6689267819520658,0.6071775596163964,0.012990762124711317,31.600821459501816
hailo_calib,0,final,000139_10.png,92169,0.5747865736520096,0.5747865736520096,7.549662965934025,0.0,0.8953157768973822,0.5703297350523489,0.0137139385259686,31.67695309533303
hailo_calib,0,final,000140_10.png,95046,0.6006277666934158,0.6006277666934158,7.753714770215997,0.0,0.7611745215902392,0.5985887301916469,0.012541295793615723,30.754546852642406
hailo_calib,0,final,000141_10.png,106382,0.9348593706052918,0.9362897893942396,7.751555116148232,0.0,1.5224895956176085,0.9256984224583394,0.015350341223139254,31.22697669131056
hailo_calib,0,final,000142_10.png,83206,0.7629345087031632,0.7624186491354917,7.587181466401083,0.0,1.1679513799798833,0.7580026689349253,0.012030382424344399,31.71723981744105
hailo_calib,0,final,000143_10.png,90838,0.7189406128849787,0.6966362694400332,6.856452591502841,0.0,1.768133355673809,0.7084650171208652,0.009885730641361544,36.75057515680387
hailo_calib,0,final,000144_10.png,49900,0.9846359025691459,0.9803581919030251,7.40416698069754,0.0,,0.9846359025691459,0.0,32.48547148985471
hailo_calib,0,final,000145_10.png,95689,1.2172304060814714,0.9910062936497971,8.00619750230239,0.0,1.134380445430416,1.217897220618605,0.007984198810730595,31.869232658991628
hailo_calib,0,final,000146_10.png,89764,0.7769897517437211,0.7745283589111727,8.104123292061304,0.0,2.502211841863856,0.7574357574822363,0.011207165456084845,30.12682940648534
hailo_calib,0,final,000147_10.png,107573,0.6076517451029229,0.60758594609229,7.073679710958688,0.0,1.3389928826703712,0.6003388830502195,0.009900253781153263,34.98487161044128
hailo_calib,0,final,000148_10.png,80242,0.7097153551916471,0.7099718300662906,7.964894880810751,0.0,1.695913960148503,0.6972825547379553,0.012449839236310161,30.466362252233868
hailo_calib,0,final,000149_10.png,103737,0.722517640649711,0.7238851580107372,7.82004740102659,0.0,1.2580316038808685,0.7170530387769668,0.01398715996067015,30.628145951420418
hailo_calib,0,final,000150_10.png,103068,0.803215124491703,0.8035524533664895,8.213409314338971,0.0,4.083051257205576,0.7584104707447191,0.013476539760158342,30.667685563171887
hailo_calib,0,final,000151_10.png,78584,0.7506928803733127,0.7502139501901632,7.464686079750014,0.0,1.1204465859946038,0.7447551737923911,0.01580474396823781,32.20394538010282
hailo_calib,0,final,000152_10.png,73256,0.9116941679834968,0.9119087426107563,7.140877896447727,0.0,1.9683787954399925,0.8992746027881998,0.011616795893851698,33.72355458725224
hailo_calib,0,final,000153_10.png,46582,1.0531086508085665,1.0531022998967143,7.979244193299466,0.0,4.7269629972526825,1.0134076816103812,0.010690824782104676,31.696267636909106
hailo_calib,0,final,000154_10.png,85528,1.185966775472188,1.2272809741006654,7.648423989041462,0.0,3.8883962130286647,1.153704783464539,0.011797306145355907,49.32764334121574
hailo_calib,0,final,000155_10.png,58660,1.3643332196793945,1.234049029111738,8.821046726670316,0.0,6.619430080855765,1.2131869753382993,0.027957722468462325,32.01635104575094
hailo_calib,0,final,000156_10.png,55073,0.9754637601106178,0.9724923272149967,8.039389303389326,0.0,3.885485541543295,0.9293010550023946,0.015615637426688214,30.76658182662103
hailo_calib,0,final,000157_10.png,101918,0.8462623308202686,0.8384850607213296,7.979029917347836,0.0,1.1226829443306758,0.8422729024491445,0.014227123766164956,30.901939702751232
hailo_calib,0,final,000158_10.png,78849,0.7710365552597066,0.7579638320379791,7.412612571760334,0.0,1.1872987092196285,0.7651906729324018,0.013849256173191797,32.7557456043355
hailo_calib,0,final,000159_10.png,104118,0.8558189689582959,0.8481928621473744,7.365946177485151,0.0,1.1252352123399045,0.8514753268324549,0.015866612881538254,32.52075792310168
