arm,matched,extractor,aggregation,scene,scene_index,classification,alpha_h,beta_h,alpha_v,beta_v,alpha_h7,min_h,max_h,range_h,n_pos_diffs,n_neg_diffs,min_diff,max_diff,Q1,Q2,Q3,alpha_h_pct_rank,alpha_h_outside_random_range,m_h_0,m_h_16,m_h_32,m_h_48,m_h_64,m_h_80,m_h_96,m_v_0,m_v_16,m_v_32,m_v_48,m_v_64,m_v_80,m_v_96
TRAINED,True,H2_seed0,H2_seed0,000165_10.png,5,NON_MONOTONE,1.1993808576038905,1.7490142981211347,0.00822463035583496,7.253233846028645,1.2172681561538148,1.5820661783218384,8.615099906921387,7.033033728599548,5,1,-0.9462316036224365,1.766735315322876,True,False,True,100.0000000000,True,1.5820661783,2.3115376234,4.0342884064,5.8010237217,7.2502658367,8.6150999069,7.6688683033,1.5820661783,7.7455947399,7.0789785385,6.5170609951,7.3926503658,7.7059981823,7.2518374920
TRAINED,False,H2_seed0,H2_seed1,000165_10.png,5,NON_MONOTONE,0.9672893013272966,1.2914295355478926,0.012183598109654017,4.57057245572408,0.8219618797302245,2.0206223726272583,6.505413055419922,4.484790682792664,5,1,-0.6271964311599731,1.5582361221313477,True,False,True,100.0000000000,True,2.6478188038,2.0206223726,3.1282074451,4.2149937153,5.7732298374,6.4191861153,6.5054130554,2.6478188038,4.9079732895,4.4341454506,4.4119391441,4.4005753994,4.6715962887,4.8530607224
TRAINED,False,H2_seed0,H2_seed2,000165_10.png,5,NON_MONOTONE,1.0715708255767822,1.5365961472193406,-0.018056719643729072,5.806288989384969,1.0746031680277415,1.5082942843437195,7.404748439788818,5.896454155445099,5,1,-0.44270849227905273,1.7144114971160889,True,False,True,100.0000000000,True,1.5082942843,2.1510385275,3.4928950071,4.9987154007,6.7131268978,7.4047484398,6.9620399475,1.5082942843,6.4089906216,5.5480189323,5.0887658596,5.5133359432,5.9323513508,5.9670801163
TRAINED,True,H2_seed0,H2_seed0,000167_10.png,7,NON_MONOTONE,1.2094840151923043,1.7178781032562256,0.007137414387294224,7.569070688883464,1.2075958933149067,1.7355005741119385,8.54427194595337,6.808771371841431,5,1,-0.7590010166168213,1.752314567565918,True,False,True,100.0000000000,True,1.7355005741,2.3233186007,4.0265965462,5.7789111137,7.2480638027,8.5442719460,7.7852709293,1.7355005741,7.5680069923,7.4591903687,7.6255125999,7.9265980721,7.3793394566,7.6056623459
TRAINED,False,H2_seed0,H2_seed1,000167_10.png,7,NON_MONOTONE,0.9580255270004272,1.3284273227055867,0.07569747652326311,4.745454279581706,0.691124656370708,2.1048431396484375,6.580704927444458,4.4758617877960205,5,1,-1.7146589756011963,1.5808565616607666,True,False,True,100.0000000000,True,3.8195021152,2.1048431396,3.1537994146,4.1624269485,5.7432835102,6.3440420628,6.5807049274,3.8195021152,4.6053876877,4.9050996304,5.2885496616,5.3289568424,4.6603262424,5.2740526199
TRAINED,False,H2_seed0,H2_seed2,000167_10.png,7,NON_MONOTONE,1.0953872646604266,1.466289822260539,0.060255820410592215,6.113949505488078,1.063182830810547,1.766864538192749,7.321925401687622,5.555060863494873,5,1,-0.15056443214416504,1.7608864307403564,True,False,True,100.0000000000,True,1.7668645382,2.1873947382,3.4359798431,4.9616620541,6.7225484848,7.3219254017,7.1713609695,1.7668645382,6.3136143684,5.8703303337,6.3763763905,6.7342245579,6.1712248325,6.4832987785
TRAINED,True,H2_seed0,H2_seed0,000168_10.png,8,NON_MONOTONE,1.2057998010090418,1.7482786178588867,-0.09251942634582519,7.864118798573812,1.2224055996962953,1.593291163444519,8.636495590209961,7.043204426765442,5,1,-0.9266462326049805,1.7685697078704834,True,False,True,100.0000000000,True,1.5932911634,2.3148592710,4.0490946770,5.8176643848,7.2835042477,8.6364955902,7.7098493576,1.5932911634,7.9998521805,7.3223218918,7.5024926662,7.5824427605,7.7626900673,7.0720052719
TRAINED,False,H2_seed0,H2_seed1,000168_10.png,8,NON_MONOTONE,0.9900293622698103,1.2485356171925859,0.010935906001499721,5.116728989283244,0.7476044126919338,2.040818929672241,6.585053443908691,4.54423451423645,5,1,-1.4703495502471924,1.683422565460205,True,False,True,100.0000000000,True,3.5111684799,2.0408189297,3.1302225590,4.1483063698,5.8317289352,6.5457000732,6.5850534439,3.5111684799,5.1971919537,5.0042941570,5.2215070724,5.1127243042,5.2405853271,5.1537251472
TRAINED,False,H2_seed0,H2_seed2,000168_10.png,8,NON_MONOTONE,1.1176145008632115,1.4444060961405443,-0.07212177004132952,6.515050935745239,1.107270964554378,1.5409457683563232,7.5019142627716064,5.960968494415283,5,1,-0.3126037120819092,1.7396252155303955,True,False,True,100.0000000000,True,1.5409457684,2.1341826916,3.4681665897,5.0515708923,6.7911961079,7.5019142628,7.1893105507,1.5409457684,6.7822251320,6.0024132729,6.0963382721,6.3107860088,6.3701364994,6.0138492584
TRAINED,True,H2_seed0,H2_seed0,000169_10.png,9,NON_MONOTONE,1.2245933839253016,1.6980933348337812,-0.03273487772260394,7.910180711746216,1.2385327709572655,1.567992389202118,8.632971286773682,7.064978897571564,5,1,-0.7758831977844238,1.762923002243042,True,False,True,100.0000000000,True,1.5679923892,2.3294326067,4.0393509865,5.8022739887,7.2439041138,8.6329712868,7.8570880890,1.5679923892,7.7815046310,7.8461761475,7.8277966976,7.8839142323,7.9635436535,7.4707164764
TRAINED,False,H2_seed0,H2_seed1,000169_10.png,9,NON_MONOTONE,0.9755081517355783,1.286993519465129,-1.0047640119280135e-05,5.124155918757121,0.7127868916307177,2.067589521408081,6.605571508407593,4.537981986999512,5,1,-1.6714690923690796,1.6622374057769775,True,False,True,100.0000000000,True,3.7390586138,2.0675895214,3.1403443813,4.1639995575,5.8262369633,6.4038903713,6.6055715084,3.7390586138,5.0054225922,4.9276397228,5.4807016850,5.2280631065,5.2260839939,4.8768134117
TRAINED,False,H2_seed0,H2_seed2,000169_10.png,9,NON_MONOTONE,1.0867283991404941,1.5037168184916183,-0.03509563718523298,6.712387053171794,1.0773773172072003,1.590993583202362,7.461345434188843,5.870351850986481,5,1,-0.4559319019317627,1.7577199935913086,True,False,True,100.0000000000,True,1.5909935832,2.1610773802,3.4426476955,5.0076966286,6.7654166222,7.4613454342,7.0054135323,1.5909935832,6.8444633484,6.5109601021,6.4866170883,6.5504031181,6.6306438446,6.5142264366
TRAINED,False,H2_seed1,H2_seed0,000165_10.png,5,NON_MONOTONE,0.9987929718835014,2.1559226512908936,0.1198380402156285,5.017475938796997,1.0734585630042213,1.459043800830841,8.215960502624512,6.756916701793671,5,1,-1.8975560665130615,1.9488636255264282,True,False,True,100.0000000000,True,1.4590438008,2.1213992834,4.0702629089,5.8242628574,7.3598983288,8.2159605026,6.3184044361,1.4590438008,5.3269028664,5.1851758957,5.3587718010,5.2280986309,5.5487399101,5.9737653732
TRAINED,True,H2_seed1,H2_seed1,000165_10.png,5,QUALIFYING,0.9621780906404768,1.2118234952290852,-0.10511399677821569,5.788595247268677,0.9146767599242073,1.6551692485809326,6.661418199539185,5.006248950958252,6,0,0.2964221239089966,1.2032926082611084,True,True,True,100.0000000000,True,1.6551692486,1.9515913725,3.0769252777,4.2802178860,5.4407458305,6.0657823086,6.6614181995,1.6551692486,5.9395799637,5.6626694202,4.9441425800,5.2003054619,5.5683226585,5.2091574669
TRAINED,False,H2_seed1,H2_seed2,000165_10.png,5,NON_MONOTONE,1.1120640856879098,1.2247072378794357,-0.006902520997183663,4.323706197738647,1.0746512349162785,1.5738938450813293,7.168467044830322,5.594573199748993,5,1,-0.18786191940307617,1.831589937210083,True,False,True,100.0000000000,True,1.5738938451,1.9124728441,3.2518031597,4.7783255577,6.6099154949,7.1684670448,6.9806051254,1.5738938451,4.6813464165,4.3389229774,3.6760643721,4.2833881378,4.2566113472,4.5609509945
TRAINED,False,H2_seed1,H2_seed0,000167_10.png,7,NON_MONOTONE,1.0160572801317487,2.1109957536061605,-0.015083626338413784,7.275809748967489,1.0790350862911768,1.523202896118164,8.063249588012695,6.540046691894531,5,1,-1.5268306732177734,1.9269943237304688,True,False,True,100.0000000000,True,1.5232028961,2.1358423233,4.0628366470,5.8234734535,7.3813564777,8.0632495880,6.5364189148,1.5232028961,6.9732358456,7.4716470242,7.3001382351,7.3309657574,7.2941057682,6.9680097103
TRAINED,True,H2_seed1,H2_seed1,000167_10.png,7,QUALIFYING,0.9545777933938163,1.221781865755717,-0.11912510054452079,5.8145642121632894,0.8901607777391162,1.823007345199585,6.638803958892822,4.815796613693237,6,0,0.14191949367523193,1.200386881828308,True,True,True,100.0000000000,True,1.8230073452,1.9649268389,3.0688089132,4.2691957951,5.3944041729,6.0406851768,6.6388039589,1.8230073452,5.5672812462,5.7950551510,5.2871289253,5.6042687893,4.9625334740,5.1694905758
TRAINED,False,H2_seed1,H2_seed2,000167_10.png,7,NON_MONOTONE,1.0499210732323783,1.478469657897949,0.06247331755501884,5.293276119232178,1.0040997777666363,1.906135082244873,7.092655420303345,5.186520338058472,5,1,-0.30115818977355957,1.8189301490783691,True,False,True,100.0000000000,True,1.9061350822,2.0561302900,3.3421645164,4.9088914394,6.7278215885,7.0926554203,6.7914972305,1.9061350822,5.3311176300,5.7315783501,5.0360181332,5.6471028328,5.6015462875,5.7242331505
TRAINED,False,H2_seed1,H2_seed0,000168_10.png,8,NON_MONOTONE,0.9600899491991316,2.2440051078796386,0.08269780703953335,6.179851706822713,1.044672844665391,1.4545647501945496,7.800860643386841,6.346295893192291,5,1,-1.4807803630828857,1.946596622467041,True,False,True,100.0000000000,True,1.4545647502,2.1389760971,4.0855727196,5.8643331528,7.4160966873,7.8008606434,6.3200802803,1.4545647502,6.4033868313,6.4968597889,5.8515892029,6.6613335609,6.7103908062,6.6922039986
TRAINED,True,H2_seed1,H2_seed1,000168_10.png,8,QUALIFYING,0.9663173999105181,1.2166518608729047,-0.0975332192012242,5.729432360331217,0.910834814820971,1.7344893217086792,6.682494163513184,4.948004841804504,6,0,0.22722476720809937,1.226100206375122,True,True,True,100.0000000000,True,1.7344893217,1.9617140889,3.0790460110,4.3051462173,5.4665176868,6.0976583958,6.6824941635,1.7344893217,5.4841582775,5.4724788666,5.6008348465,5.7506127357,4.9133858681,5.1069259644
TRAINED,False,H2_seed1,H2_seed2,000168_10.png,8,NON_MONOTONE,1.1296621918678285,1.2739188512166333,0.10117476327078682,5.3511355717976885,1.0934039929083414,1.6123287081718445,7.410833835601807,5.798505127429962,5,1,-0.39008235931396484,1.8342809677124023,True,False,True,100.0000000000,True,1.6123287082,1.9408027530,3.3094497919,4.9251501560,6.7594311237,7.4108338356,7.0207514763,1.6123287082,5.4475469589,5.5544328690,5.3692018986,6.1540231705,5.9370319843,5.7692465782
TRAINED,False,H2_seed1,H2_seed0,000169_10.png,9,NON_MONOTONE,1.0775668961661202,1.9992406368255615,0.10672850608825683,7.027426687876384,1.1366870616163527,1.447452425956726,8.302882671356201,6.855430245399475,5,1,-1.4731197357177734,1.943727731704712,True,False,True,100.0000000000,True,1.4474524260,2.1352496147,4.0789773464,5.8534586430,7.4240174294,8.3028826714,6.8297629356,1.4474524260,7.1275148392,7.1522717476,7.4972956181,7.3864855766,7.6353788376,7.6069121361
TRAINED,True,H2_seed1,H2_seed1,000169_10.png,9,QUALIFYING,0.9534197994640895,1.233227062225342,0.02694595881870815,5.188005590438843,0.9011388825518745,1.7211822867393494,6.647359848022461,4.926177561283112,6,0,0.25226688385009766,1.2070997953414917,True,True,True,100.0000000000,True,1.7211822867,1.9734491706,3.0766414404,4.2837412357,5.4030771255,6.0369093418,6.6473598480,1.7211822867,5.5963816643,4.8729283810,5.2084431648,5.1013257504,5.4615895748,5.4532301426
TRAINED,False,H2_seed1,H2_seed2,000169_10.png,9,NON_MONOTONE,1.0717189414160593,1.4063672463099164,0.04003501619611468,5.655540561676025,1.0385590663978033,1.7158594131469727,7.252208471298218,5.536349058151245,5,1,-0.4603085517883301,1.8337435722351074,True,False,True,100.0000000000,True,1.7158594131,2.0100240707,3.3298617601,4.8632817268,6.6970252991,7.2522084713,6.7918999195,1.7158594131,6.0511445999,5.5603370667,5.5203423500,5.5222725868,6.1316905022,5.9881916046
TRAINED,False,H2_seed2,H2_seed0,000165_10.png,5,NON_MONOTONE,1.3206317901611329,1.5148120244344074,0.004913956778390067,7.495491139094035,1.3158034469400133,1.559876561164856,8.806954860687256,7.2470782995224,5,1,-0.5890998840332031,2.0156805515289307,True,False,True,100.0000000000,True,1.5598765612,2.1281979084,4.1438784599,5.8703277111,7.6549258232,8.8069548607,8.2178549767,1.5598765612,8.0314702988,7.2021996975,6.6553053856,8.0882744789,7.4957401752,7.6031498909
TRAINED,False,H2_seed2,H2_seed1,000165_10.png,5,QUALIFYING,1.0029735939843314,1.3611076752344768,0.07463512420654297,5.129156017303467,0.9327090765748706,2.0169098377227783,6.761756896972656,4.744847059249878,6,0,0.03378438949584961,1.5155785083770752,True,True,True,100.0000000000,True,2.0169098377,2.1400685310,3.2346206903,4.4245471954,5.9401257038,6.7279725075,6.7617568970,2.0169098377,5.6086854935,4.9420282841,4.8740315437,5.8298699856,5.4561944008,5.6314640045
TRAINED,True,H2_seed2,H2_seed2,000165_10.png,5,NON_MONOTONE,0.9951682261058262,1.5421795050303144,0.043677295957292826,6.505140860875447,1.0079649282353265,1.4227436184883118,6.876509666442871,5.453766047954559,5,1,-0.19156742095947266,1.4179872274398804,True,False,True,100.0000000000,True,1.4227436185,2.0472642183,3.4652514458,4.8344595432,6.2431826591,6.8765096664,6.6849422455,1.4227436185,6.8915250301,6.1793632507,6.5007078648,6.8634347916,6.7017469406,6.8112905025
TRAINED,False,H2_seed2,H2_seed0,000167_10.png,7,NON_MONOTONE,1.3376068796430316,1.4868517875671383,-0.0032941137041364397,8.097535800933837,1.321384717311178,1.6382586359977722,8.83603286743164,7.197774231433868,5,1,-0.5195560455322266,2.0361416339874268,True,False,True,100.0000000000,True,1.6382586360,2.1181271076,4.1542687416,5.9033749104,7.6825747490,8.8360328674,8.3164768219,1.6382586360,8.2224149704,8.1121602058,7.8779163361,8.0510249138,8.0512285233,8.2012934685
TRAINED,False,H2_seed2,H2_seed1,000167_10.png,7,NON_MONOTONE,0.9993549585342407,1.3673068682352705,-0.028354801450456893,5.8126662095387776,0.804948466164725,2.1730114221572876,6.79752779006958,4.6245163679122925,5,1,-1.0087560415267944,1.5233345031738281,True,False,True,100.0000000000,True,3.1817674637,2.1730114222,3.2272317410,4.3990612030,5.9223957062,6.6710674763,6.7975277901,3.1817674637,6.0200190544,5.8687088490,5.4541125298,5.3551111221,5.5500845909,6.0325102806
TRAINED,True,H2_seed2,H2_seed2,000167_10.png,7,NON_MONOTONE,0.9650908027376447,1.6072860558827715,0.0560061046055385,6.540028842290242,0.9840237327984401,1.4305787086486816,6.758564472198486,5.327985763549805,5,1,-0.21292805671691895,1.4139610528945923,True,False,True,100.0000000000,True,1.4305787086,2.0461717844,3.4601328373,4.8572788239,6.2428388596,6.7585644722,6.5456364155,1.4305787086,6.7211589813,6.8222334385,6.4294009209,6.5403285027,6.7970578671,7.1061215401
TRAINED,False,H2_seed2,H2_seed0,000168_10.png,8,NON_MONOTONE,1.3379284313746862,1.5164466698964434,0.07103716986519949,7.679905764261882,1.327381744980812,1.6148824095726013,8.863211154937744,7.248328745365143,5,1,-0.533421516418457,2.060760021209717,True,False,True,100.0000000000,True,1.6148824096,2.1311657429,4.1919257641,5.9292826653,7.7498021126,8.8632111549,8.3297896385,1.6148824096,7.9205036163,7.6111750603,7.7641453743,8.1609687805,8.0232954025,8.0911269188
TRAINED,False,H2_seed2,H2_seed1,000168_10.png,8,NON_MONOTONE,1.0213232789720808,1.3705724239349366,0.017953341347830637,5.670482269922893,0.9305639905588966,2.1596500873565674,6.903060674667358,4.743410587310791,5,1,-0.05800902843475342,1.5659394264221191,True,False,True,100.0000000000,True,2.2176591158,2.1596500874,3.3032197952,4.4741797447,6.0401191711,6.7909939289,6.9030606747,2.2176591158,5.5611720085,5.8782482147,5.5611975193,5.9885289669,5.7060976028,5.7046694756
TRAINED,True,H2_seed2,H2_seed2,000168_10.png,8,NON_MONOTONE,1.0155639410018922,1.5064632733662915,0.009332690920148577,6.732877731323242,1.0250359496900014,1.4180578589439392,6.942543983459473,5.5244861245155334,5,1,-0.1631929874420166,1.4328835010528564,True,False,True,100.0000000000,True,1.4180578589,2.0491188765,3.4556460381,4.8530395031,6.2859230042,6.9425439835,6.7793509960,1.4180578589,6.9297788143,6.5185668468,6.7447018623,6.8216595650,6.7192239761,6.8593218327
TRAINED,False,H2_seed2,H2_seed0,000169_10.png,9,NON_MONOTONE,1.3666305201394218,1.4289677143096924,-0.006707463945661273,8.251236915588379,1.3483233260256904,1.5998348593711853,8.876677989959717,7.2768431305885315,5,1,-0.3715510368347168,2.035963535308838,True,False,True,100.0000000000,True,1.5998348594,2.1249945164,4.1609580517,5.9105217457,7.6947679520,8.8766779900,8.5051269531,1.5998348594,8.3169116974,8.3365402222,7.9400124550,8.1510920525,8.4808516502,8.1411566734
TRAINED,False,H2_seed2,H2_seed1,000169_10.png,9,NON_MONOTONE,1.0072383403778076,1.3254426797231038,-0.003861808776855469,5.609731181462606,0.8028363628046853,2.1290602684020996,6.794153451919556,4.665093183517456,5,1,-1.104134202003479,1.59452486038208,True,False,True,100.0000000000,True,3.2331944704,2.1290602684,3.1913123131,4.3799238205,5.9744486809,6.6357626915,6.7941534519,3.2331944704,5.7254359722,5.6577196121,5.5491135120,5.0863883495,5.9326288700,5.6260027885
TRAINED,True,H2_seed2,H2_seed2,000169_10.png,9,NON_MONOTONE,1.0076285805021012,1.5049007813135789,-0.0010634422302246093,6.881381766001383,1.015044540166855,1.435685157775879,6.816072463989258,5.380387306213379,5,1,-0.011084556579589844,1.4087260961532593,True,False,True,100.0000000000,True,1.4356851578,2.0442950726,3.4530211687,4.8484230042,6.2228052616,6.8160724640,6.8049879074,1.4356851578,6.9243674278,6.9044816494,6.8190124035,6.6858344078,7.1150362492,6.8172261715
SEARCH_FREE,True,NEG_shift_none,NEG_shift_none,000165_10.png,5,NON_MONOTONE,0.015250611305236816,2.794450354576111,-0.029358901296343123,2.961239012082418,-0.49997230512755264,2.799941062927246,7.6031975746154785,4.803256511688232,3,3,-4.759387254714966,0.057898640632629395,True,False,False,54.6875000000,False,7.6031975746,2.8438103199,2.7999410629,2.8019335270,2.8598321676,2.9062459469,2.8752019405,7.6031975746,2.9626396894,2.9481322765,2.8681428432,2.7253960371,2.7300754786,2.9165108204
SEARCH_FREE,True,NEG_shift_none,NEG_shift_none,000167_10.png,7,NON_MONOTONE,0.03974653993334089,2.651630441347758,0.23924356528690882,2.0668541749318443,-0.4907785100596292,2.668324112892151,7.6031975746154785,4.934873461723328,4,2,-4.934873461723328,0.11880576610565186,True,False,False,64.5833333333,False,7.6031975746,2.6683241129,2.7149053812,2.7626855373,2.8814913034,2.9133042097,2.8037494421,7.6031975746,2.5827720165,2.4967731237,2.4717644453,2.8905885220,3.2789144516,3.7044273615
SEARCH_FREE,True,NEG_shift_none,NEG_shift_none,000168_10.png,8,ANTI_CORRELATED,-0.041277619770595006,2.930982255935669,-0.055737543106079104,2.849257238705953,-0.5418721182005747,2.696406602859497,7.6031975746154785,4.9067909717559814,1,5,-4.667547702789307,0.03543829917907715,False,False,False,28.6458333333,False,7.6031975746,2.9356498718,2.8336310387,2.7632658482,2.7273359299,2.7627742290,2.6964066029,7.6031975746,3.0727823973,2.6376430988,2.4339565039,2.4711170197,2.6294566393,2.6800993681
SEARCH_FREE,True,NEG_shift_none,NEG_shift_none,000169_10.png,9,NON_MONOTONE,0.06043574469430106,2.868412709236145,-0.20440738882337298,3.7539728800455725,-0.44686263373919904,2.945988655090332,7.6031975746154785,4.6572089195251465,4,2,-4.6572089195251465,0.10608029365539551,True,False,False,73.9583333333,False,7.6031975746,2.9459886551,2.9821575880,3.0153896809,3.1102062464,3.2162865400,3.2095981836,7.6031975746,3.6107401848,3.3551989794,3.1341568232,2.7974458933,2.6834754944,2.6502647400
