arm,aggregation,seed,axis,pair,scene_A,scene_B,h,k_hats,offsets,offset_constant,tracking_with_offset
gate,H2_seed0,0,horizontal,0,000161_10.png,000162_10.png,0,2 3 4 5 6 7,1 1 1 1 1 1,1,1
gate,H2_seed0,1,horizontal,0,000161_10.png,000162_10.png,0,2 3 4 5 6 7,1 1 1 1 1 1,1,1
gate,H2_seed0,2,horizontal,0,000161_10.png,000162_10.png,0,2 4 5 6 7 8,1 2 2 2 2 2,0,0
gate,H2_seed0,3,horizontal,0,000161_10.png,000162_10.png,0,2 5 6 7 8 9,1 3 3 3 3 3,0,0
gate,H2_seed0,4,horizontal,0,000161_10.png,000162_10.png,1,3 2 5 6 7 8,2 0 2 2 2 2,0,0
gate,H2_seed0,5,horizontal,0,000161_10.png,000162_10.png,0,2 3 4 5 6 7,1 1 1 1 1 1,1,1
gate,H2_seed0,6,horizontal,0,000161_10.png,000162_10.png,0,0 0 2 3 3 4,-1 -2 -1 -1 -2 -2,0,0
gate,H2_seed0,7,horizontal,0,000161_10.png,000162_10.png,0,2 3 4 5 6 7,1 1 1 1 1 1,1,1
gate,H2_seed0,8,horizontal,0,000161_10.png,000162_10.png,0,0 6 7 8 8 9,-1 4 4 4 3 3,0,0
gate,H2_seed0,9,horizontal,0,000161_10.png,000162_10.png,1,10 2 1 7 3 4,9 0 -2 3 -2 -2,0,0
gate,H2_seed0,10,horizontal,0,000161_10.png,000162_10.png,0,11 8 9 10 11 2,10 6 6 6 6 -4,0,0
gate,H2_seed0,11,horizontal,0,000161_10.png,000162_10.png,0,2 3 4 5 6 7,1 1 1 1 1 1,1,1
gate,H2_seed0,12,horizontal,0,000161_10.png,000162_10.png,4,2 3 3 4 5 6,1 1 0 0 0 0,0,0
gate,H2_seed0,13,horizontal,0,000161_10.png,000162_10.png,0,11 1 0 3 4 5,10 -1 -3 -1 -1 -1,0,0
gate,H2_seed0,14,horizontal,0,000161_10.png,000162_10.png,0,3 0 1 2 3 4,2 -2 -2 -2 -2 -2,0,0
gate,H2_seed0,15,horizontal,0,000161_10.png,000162_10.png,3,0 3 4 4 5 6,-1 1 1 0 0 0,0,0
gate,H2_seed0,16,horizontal,0,000161_10.png,000162_10.png,0,8 1 2 1 2 3,7 -1 -1 -3 -3 -3,0,0
gate,H2_seed0,17,horizontal,0,000161_10.png,000162_10.png,6,1 2 3 4 5 6,0 0 0 0 0 0,1,0
gate,H2_seed0,18,horizontal,0,000161_10.png,000162_10.png,0,0 1 2 3 4 5,-1 -1 -1 -1 -1 -1,1,1
gate,H2_seed0,19,horizontal,0,000161_10.png,000162_10.png,0,2 3 4 5 6 7,1 1 1 1 1 1,1,1
gate,H2_seed0,20,horizontal,0,000161_10.png,000162_10.png,0,2 3 4 5 10 7,1 1 1 1 5 1,0,0
gate,H2_seed0,21,horizontal,0,000161_10.png,000162_10.png,0,7 6 7 10 9 10,6 4 4 6 4 4,0,0
gate,H2_seed0,22,horizontal,0,000161_10.png,000162_10.png,2,1 2 2 3 4 5,0 0 -1 -1 -1 -1,0,0
gate,H2_seed0,23,horizontal,0,000161_10.png,000162_10.png,0,10 11 1 2 3 4,9 9 -2 -2 -2 -2,0,0
gate,H2_seed0,24,horizontal,0,000161_10.png,000162_10.png,0,4 5 6 7 8 9,3 3 3 3 3 3,1,1
gate,H2_seed0,25,horizontal,0,000161_10.png,000162_10.png,0,3 4 5 6 7 8,2 2 2 2 2 2,1,1
gate,H2_seed0,26,horizontal,0,000161_10.png,000162_10.png,0,5 1 7 8 9 10,4 -1 4 4 4 4,0,0
gate,H2_seed0,27,horizontal,0,000161_10.png,000162_10.png,0,2 1 2 3 4 5,1 -1 -1 -1 -1 -1,0,0
gate,H2_seed0,28,horizontal,0,000161_10.png,000162_10.png,1,1 4 5 6 7 8,0 2 2 2 2 2,0,0
gate,H2_seed0,29,horizontal,0,000161_10.png,000162_10.png,1,1 3 4 5 6 7,0 1 1 1 1 1,0,0
gate,H2_seed0,30,horizontal,0,000161_10.png,000162_10.png,0,0 0 1 3 4 5,-1 -2 -2 -1 -1 -1,0,0
gate,H2_seed0,31,horizontal,0,000161_10.png,000162_10.png,1,1 3 4 5 6 7,0 1 1 1 1 1,0,0
gate,H2_seed0,0,horizontal,1,000163_10.png,000164_10.png,0,0 3 4 5 6 7,-1 1 1 1 1 1,0,0
gate,H2_seed0,1,horizontal,1,000163_10.png,000164_10.png,0,5 6 7 8 6 7,4 4 4 4 1 1,0,0
gate,H2_seed0,2,horizontal,1,000163_10.png,000164_10.png,0,3 4 5 6 7 8,2 2 2 2 2 2,1,1
gate,H2_seed0,3,horizontal,1,000163_10.png,000164_10.png,0,2 4 5 6 7 8,1 2 2 2 2 2,0,0
gate,H2_seed0,4,horizontal,1,000163_10.png,000164_10.png,0,3 3 6 7 7 9,2 1 3 3 2 3,0,0
gate,H2_seed0,5,horizontal,1,000163_10.png,000164_10.png,0,2 3 4 5 6 7,1 1 1 1 1 1,1,1
gate,H2_seed0,6,horizontal,1,000163_10.png,000164_10.png,0,0 0 1 2 2 3,-1 -2 -2 -2 -3 -3,0,0
gate,H2_seed0,7,horizontal,1,000163_10.png,000164_10.png,0,4 5 6 7 8 9,3 3 3 3 3 3,1,1
gate,H2_seed0,8,horizontal,1,000163_10.png,000164_10.png,0,5 0 0 8 10 10,4 -2 -3 4 5 4,0,0
gate,H2_seed0,9,horizontal,1,000163_10.png,000164_10.png,0,5 7 7 6 7 8,4 5 4 2 2 2,0,0
gate,H2_seed0,10,horizontal,1,000163_10.png,000164_10.png,0,11 8 7 8 9 2,10 6 4 4 4 -4,0,0
gate,H2_seed0,11,horizontal,1,000163_10.png,000164_10.png,1,1 5 4 5 6 8,0 3 1 1 1 2,0,0
gate,H2_seed0,12,horizontal,1,000163_10.png,000164_10.png,6,1 2 3 4 5 6,0 0 0 0 0 0,1,0
gate,H2_seed0,13,horizontal,1,000163_10.png,000164_10.png,0,8 9 0 9 8 3,7 7 -3 5 3 -3,0,0
gate,H2_seed0,14,horizontal,1,000163_10.png,000164_10.png,1,1 0 1 2 3 4,0 -2 -2 -2 -2 -2,0,0
gate,H2_seed0,15,horizontal,1,000163_10.png,000164_10.png,4,1 2 3 5 6 6,0 0 0 1 1 0,0,0
gate,H2_seed0,16,horizontal,1,000163_10.png,000164_10.png,0,8 1 2 3 2 3,7 -1 -1 -1 -3 -3,0,0
gate,H2_seed0,17,horizontal,1,000163_10.png,000164_10.png,4,0 2 2 4 5 6,-1 0 -1 0 0 0,0,0
gate,H2_seed0,18,horizontal,1,000163_10.png,000164_10.png,1,0 2 2 3 4 8,-1 0 -1 -1 -1 2,0,0
gate,H2_seed0,19,horizontal,1,000163_10.png,000164_10.png,0,2 3 4 5 6 7,1 1 1 1 1 1,1,1
gate,H2_seed0,20,horizontal,1,000163_10.png,000164_10.png,0,0 3 0 5 3 7,-1 1 -3 1 -2 1,0,0
gate,H2_seed0,21,horizontal,1,000163_10.png,000164_10.png,0,6 7 8 9 10 1,5 5 5 5 5 -5,0,0
gate,H2_seed0,22,horizontal,1,000163_10.png,000164_10.png,6,1 2 3 4 5 6,0 0 0 0 0 0,1,0
gate,H2_seed0,23,horizontal,1,000163_10.png,000164_10.png,0,10 11 10 11 10 3,9 9 7 7 5 -3,0,0
gate,H2_seed0,24,horizontal,1,000163_10.png,000164_10.png,0,11 9 1 2 3 4,10 7 -2 -2 -2 -2,0,0
gate,H2_seed0,25,horizontal,1,000163_10.png,000164_10.png,0,3 4 8 8 9 10,2 2 5 4 4 4,0,0
gate,H2_seed0,26,horizontal,1,000163_10.png,000164_10.png,0,6 1 2 3 4 5,5 -1 -1 -1 -1 -1,0,0
gate,H2_seed0,27,horizontal,1,000163_10.png,000164_10.png,0,3 1 2 3 4 5,2 -1 -1 -1 -1 -1,0,0
gate,H2_seed0,28,horizontal,1,000163_10.png,000164_10.png,1,2 3 3 5 6 7,1 1 0 1 1 1,0,0
gate,H2_seed0,29,horizontal,1,000163_10.png,000164_10.png,1,1 3 4 5 6 7,0 1 1 1 1 1,0,0
gate,H2_seed0,30,horizontal,1,000163_10.png,000164_10.png,0,2 0 2 3 4 5,1 -2 -1 -1 -1 -1,0,0
gate,H2_seed0,31,horizontal,1,000163_10.png,000164_10.png,2,1 3 4 5 5 8,0 1 1 1 0 2,0,0
gate,H2_seed0,0,horizontal,2,000170_10.png,000171_10.png,0,5 3 4 3 4 7,4 1 1 -1 -1 1,0,0
gate,H2_seed0,1,horizontal,2,000170_10.png,000171_10.png,0,2 6 1 7 8 2,1 4 -2 3 3 -4,0,0
gate,H2_seed0,2,horizontal,2,000170_10.png,000171_10.png,0,2 4 4 5 6 7,1 2 1 1 1 1,0,0
gate,H2_seed0,3,horizontal,2,000170_10.png,000171_10.png,0,2 3 2 3 6 9,1 1 -1 -1 1 3,0,0
gate,H2_seed0,4,horizontal,2,000170_10.png,000171_10.png,0,4 3 2 3 4 5,3 1 -1 -1 -1 -1,0,0
gate,H2_seed0,5,horizontal,2,000170_10.png,000171_10.png,0,2 1 4 5 6 7,1 -1 1 1 1 1,0,0
gate,H2_seed0,6,horizontal,2,000170_10.png,000171_10.png,0,0 1 2 3 4 4,-1 -1 -1 -1 -1 -2,0,0
gate,H2_seed0,7,horizontal,2,000170_10.png,000171_10.png,0,2 1 2 5 6 7,1 -1 -1 1 1 1,0,0
gate,H2_seed0,8,horizontal,2,000170_10.png,000171_10.png,2,1 2 1 2 3 9,0 0 -2 -2 -2 3,0,0
gate,H2_seed0,9,horizontal,2,000170_10.png,000171_10.png,0,4 5 6 9 8 9,3 3 3 5 3 3,0,0
gate,H2_seed0,10,horizontal,2,000170_10.png,000171_10.png,0,10 9 9 10 10 2,9 7 6 6 5 -4,0,0
gate,H2_seed0,11,horizontal,2,000170_10.png,000171_10.png,0,2 3 4 5 6 7,1 1 1 1 1 1,1,1
gate,H2_seed0,12,horizontal,2,000170_10.png,000171_10.png,0,2 3 4 5 6 7,1 1 1 1 1 1,1,1
gate,H2_seed0,13,horizontal,2,000170_10.png,000171_10.png,0,7 8 9 11 1 2,6 6 6 7 -4 -4,0,0
gate,H2_seed0,14,horizontal,2,000170_10.png,000171_10.png,2,1 2 1 2 3 4,0 0 -2 -2 -2 -2,0,0
gate,H2_seed0,15,horizontal,2,000170_10.png,000171_10.png,0,2 3 4 5 6 7,1 1 1 1 1 1,1,1
gate,H2_seed0,16,horizontal,2,000170_10.png,000171_10.png,0,9 10 10 7 0 5,8 8 7 3 -5 -1,0,0
gate,H2_seed0,17,horizontal,2,000170_10.png,000171_10.png,5,1 2 2 4 5 6,0 0 -1 0 0 0,0,0
gate,H2_seed0,18,horizontal,2,000170_10.png,000171_10.png,3,1 2 3 3 4 5,0 0 0 -1 -1 -1,0,0
gate,H2_seed0,19,horizontal,2,000170_10.png,000171_10.png,0,2 3 4 5 6 7,1 1 1 1 1 1,1,1
gate,H2_seed0,20,horizontal,2,000170_10.png,000171_10.png,0,4 5 8 9 2 3,3 3 5 5 -3 -3,0,0
gate,H2_seed0,21,horizontal,2,000170_10.png,000171_10.png,0,9 10 9 2 3 4,8 8 6 -2 -2 -2,0,0
gate,H2_seed0,22,horizontal,2,000170_10.png,000171_10.png,5,1 2 3 4 4 6,0 0 0 0 -1 0,0,0
gate,H2_seed0,23,horizontal,2,000170_10.png,000171_10.png,0,9 10 9 10 2 3,8 8 6 6 -3 -3,0,0
gate,H2_seed0,24,horizontal,2,000170_10.png,000171_10.png,0,11 11 1 11 3 11,10 9 -2 7 -2 5,0,0
gate,H2_seed0,25,horizontal,2,000170_10.png,000171_10.png,0,3 4 5 6 7 8,2 2 2 2 2 2,1,1
gate,H2_seed0,26,horizontal,2,000170_10.png,000171_10.png,0,2 1 2 0 1 2,1 -1 -1 -4 -4 -4,0,0
gate,H2_seed0,27,horizontal,2,000170_10.png,000171_10.png,0,5 1 2 3 4 5,4 -1 -1 -1 -1 -1,0,0
gate,H2_seed0,28,horizontal,2,000170_10.png,000171_10.png,0,2 3 4 5 6 7,1 1 1 1 1 1,1,1
gate,H2_seed0,29,horizontal,2,000170_10.png,000171_10.png,1,1 7 0 3 4 2,0 5 -3 -1 -1 -4,0,0
gate,H2_seed0,30,horizontal,2,000170_10.png,000171_10.png,0,2 1 2 5 6 7,1 -1 -1 1 1 1,0,0
gate,H2_seed0,31,horizontal,2,000170_10.png,000171_10.png,4,1 1 5 4 5 6,0 -1 2 0 0 0,0,0
gate,H2_seed0,0,horizontal,3,000172_10.png,000173_10.png,0,0 3 4 5 6 7,-1 1 1 1 1 1,0,0
gate,H2_seed0,1,horizontal,3,000172_10.png,000173_10.png,0,0 3 4 5 6 11,-1 1 1 1 1 5,0,0
gate,H2_seed0,2,horizontal,3,000172_10.png,000173_10.png,0,3 4 5 6 7 8,2 2 2 2 2 2,1,1
gate,H2_seed0,3,horizontal,3,000172_10.png,000173_10.png,0,4 5 2 3 4 5,3 3 -1 -1 -1 -1,0,0
gate,H2_seed0,4,horizontal,3,000172_10.png,000173_10.png,6,1 2 3 4 5 6,0 0 0 0 0 0,1,0
gate,H2_seed0,5,horizontal,3,000172_10.png,000173_10.png,0,2 3 0 5 6 5,1 1 -3 1 1 -1,0,0
gate,H2_seed0,6,horizontal,3,000172_10.png,000173_10.png,0,0 0 1 2 3 4,-1 -2 -2 -2 -2 -2,0,0
gate,H2_seed0,7,horizontal,3,000172_10.png,000173_10.png,0,2 7 8 9 6 7,1 5 5 5 1 1,0,0
gate,H2_seed0,8,horizontal,3,000172_10.png,000173_10.png,0,0 6 0 10 10 8,-1 4 -3 6 5 2,0,0
gate,H2_seed0,9,horizontal,3,000172_10.png,000173_10.png,0,4 5 10 7 8 9,3 3 7 3 3 3,0,0
gate,H2_seed0,10,horizontal,3,000172_10.png,000173_10.png,0,7 8 9 10 1 2,6 6 6 6 -4 -4,0,0
gate,H2_seed0,11,horizontal,3,000172_10.png,000173_10.png,5,1 2 3 4 6 6,0 0 0 0 1 0,0,0
gate,H2_seed0,12,horizontal,3,000172_10.png,000173_10.png,0,2 3 4 5 6 7,1 1 1 1 1 1,1,1
gate,H2_seed0,13,horizontal,3,000172_10.png,000173_10.png,0,7 8 9 10 2 3,6 6 6 6 -3 -3,0,0
gate,H2_seed0,14,horizontal,3,000172_10.png,000173_10.png,1,1 0 1 2 2 3,0 -2 -2 -2 -3 -3,0,0
gate,H2_seed0,15,horizontal,3,000172_10.png,000173_10.png,0,2 3 4 5 6 7,1 1 1 1 1 1,1,1
gate,H2_seed0,16,horizontal,3,000172_10.png,000173_10.png,0,8 8 9 10 4 5,7 6 6 6 -1 -1,0,0
gate,H2_seed0,17,horizontal,3,000172_10.png,000173_10.png,1,1 1 2 3 4 5,0 -1 -1 -1 -1 -1,0,0
gate,H2_seed0,18,horizontal,3,000172_10.png,000173_10.png,0,0 1 2 3 4 5,-1 -1 -1 -1 -1 -1,1,1
gate,H2_seed0,19,horizontal,3,000172_10.png,000173_10.png,0,2 3 4 5 7 8,1 1 1 1 2 2,0,0
gate,H2_seed0,20,horizontal,3,000172_10.png,000173_10.png,0,2 3 0 1 2 3,1 1 -3 -3 -3 -3,0,0
gate,H2_seed0,21,horizontal,3,000172_10.png,000173_10.png,2,4 5 6 4 5 1,3 3 3 0 0 -5,0,0
gate,H2_seed0,22,horizontal,3,000172_10.png,000173_10.png,4,1 1 3 3 5 6,0 -1 0 -1 0 0,0,0
gate,H2_seed0,23,horizontal,3,000172_10.png,000173_10.png,0,9 10 10 10 3 4,8 8 7 6 -2 -2,0,0
gate,H2_seed0,24,horizontal,3,000172_10.png,000173_10.png,0,6 9 8 9 10 11,5 7 5 5 5 5,0,0
gate,H2_seed0,25,horizontal,3,000172_10.png,000173_10.png,0,3 4 5 6 7 8,2 2 2 2 2 2,1,1
gate,H2_seed0,26,horizontal,3,000172_10.png,000173_10.png,0,5 1 2 8 4 5,4 -1 -1 4 -1 -1,0,0
gate,H2_seed0,27,horizontal,3,000172_10.png,000173_10.png,1,1 1 2 3 4 5,0 -1 -1 -1 -1 -1,0,0
gate,H2_seed0,28,horizontal,3,000172_10.png,000173_10.png,2,1 2 5 6 7 7,0 0 2 2 2 1,0,0
gate,H2_seed0,29,horizontal,3,000172_10.png,000173_10.png,0,6 7 4 5 6 7,5 5 1 1 1 1,0,0
gate,H2_seed0,30,horizontal,3,000172_10.png,000173_10.png,0,2 0 1 5 4 5,1 -2 -2 1 -1 -1,0,0
gate,H2_seed0,31,horizontal,3,000172_10.png,000173_10.png,1,1 3 4 5 6 7,0 1 1 1 1 1,0,0
gate,H2_seed0,0,horizontal,4,000174_10.png,000175_10.png,0,2 3 0 1 6 3,1 1 -3 -3 1 -3,0,0
gate,H2_seed0,1,horizontal,4,000174_10.png,000175_10.png,0,0 3 4 5 9 7,-1 1 1 1 4 1,0,0
gate,H2_seed0,2,horizontal,4,000174_10.png,000175_10.png,0,2 4 5 6 7 7,1 2 2 2 2 1,0,0
gate,H2_seed0,3,horizontal,4,000174_10.png,000175_10.png,4,2 3 3 4 5 6,1 1 0 0 0 0,0,0
gate,H2_seed0,4,horizontal,4,000174_10.png,000175_10.png,1,2 2 2 3 4 5,1 0 -1 -1 -1 -1,0,0
gate,H2_seed0,5,horizontal,4,000174_10.png,000175_10.png,0,2 1 4 5 4 5,1 -1 1 1 -1 -1,0,0
gate,H2_seed0,6,horizontal,4,000174_10.png,000175_10.png,0,0 0 2 3 3 4,-1 -2 -1 -1 -2 -2,0,0
gate,H2_seed0,7,horizontal,4,000174_10.png,000175_10.png,0,2 1 2 3 4 5,1 -1 -1 -1 -1 -1,0,0
gate,H2_seed0,8,horizontal,4,000174_10.png,000175_10.png,0,0 1 10 2 3 4,-1 -1 7 -2 -2 -2,0,0
gate,H2_seed0,9,horizontal,4,000174_10.png,000175_10.png,0,4 5 6 7 8 9,3 3 3 3 3 3,1,1
gate,H2_seed0,10,horizontal,4,000174_10.png,000175_10.png,0,8 9 8 10 8 1,7 7 5 6 3 -5,0,0
gate,H2_seed0,11,horizontal,4,000174_10.png,000175_10.png,6,1 2 3 4 5 6,0 0 0 0 0 0,1,0
gate,H2_seed0,12,horizontal,4,000174_10.png,000175_10.png,5,1 5 3 4 5 6,0 3 0 0 0 0,0,0
gate,H2_seed0,13,horizontal,4,000174_10.png,000175_10.png,0,0 8 0 1 2 3,-1 6 -3 -3 -3 -3,0,0
gate,H2_seed0,14,horizontal,4,000174_10.png,000175_10.png,1,1 0 1 2 3 4,0 -2 -2 -2 -2 -2,0,0
gate,H2_seed0,15,horizontal,4,000174_10.png,000175_10.png,0,2 3 4 5 6 7,1 1 1 1 1 1,1,1
gate,H2_seed0,16,horizontal,4,000174_10.png,000175_10.png,0,9 8 9 10 0 1,8 6 6 6 -5 -5,0,0
gate,H2_seed0,17,horizontal,4,000174_10.png,000175_10.png,5,1 2 2 4 5 6,0 0 -1 0 0 0,0,0
gate,H2_seed0,18,horizontal,4,000174_10.png,000175_10.png,1,4 2 2 3 4 5,3 0 -1 -1 -1 -1,0,0
gate,H2_seed0,19,horizontal,4,000174_10.png,000175_10.png,0,2 3 4 5 6 7,1 1 1 1 1 1,1,1
gate,H2_seed0,20,horizontal,4,000174_10.png,000175_10.png,1,0 0 3 2 1 2,-1 -2 0 -2 -4 -4,0,0
gate,H2_seed0,21,horizontal,4,000174_10.png,000175_10.png,0,5 6 7 2 3 4,4 4 4 -2 -2 -2,0,0
gate,H2_seed0,22,horizontal,4,000174_10.png,000175_10.png,1,1 1 2 3 4 5,0 -1 -1 -1 -1 -1,0,0
gate,H2_seed0,23,horizontal,4,000174_10.png,000175_10.png,0,10 9 10 9 10 4,9 7 7 5 5 -2,0,0
gate,H2_seed0,24,horizontal,4,000174_10.png,000175_10.png,0,10 5 6 7 8 9,9 3 3 3 3 3,0,0
gate,H2_seed0,25,horizontal,4,000174_10.png,000175_10.png,0,3 4 5 6 7 8,2 2 2 2 2 2,1,1
gate,H2_seed0,26,horizontal,4,000174_10.png,000175_10.png,0,5 6 7 8 10 10,4 4 4 4 5 4,0,0
gate,H2_seed0,27,horizontal,4,000174_10.png,000175_10.png,1,1 1 2 3 4 5,0 -1 -1 -1 -1 -1,0,0
gate,H2_seed0,28,horizontal,4,000174_10.png,000175_10.png,0,2 3 4 5 6 7,1 1 1 1 1 1,1,1
gate,H2_seed0,29,horizontal,4,000174_10.png,000175_10.png,1,1 7 8 5 2 3,0 5 5 1 -3 -3,0,0
gate,H2_seed0,30,horizontal,4,000174_10.png,000175_10.png,0,2 0 2 3 6 7,1 -2 -1 -1 1 1,0,0
gate,H2_seed0,31,horizontal,4,000174_10.png,000175_10.png,3,1 3 4 5 5 6,0 1 1 1 0 0,0,0
gate,H2_seed0,0,horizontal,5,000176_10.png,000177_10.png,0,6 1 4 5 3 4,5 -1 1 1 -2 -2,0,0
gate,H2_seed0,1,horizontal,5,000176_10.png,000177_10.png,0,2 3 4 5 6 7,1 1 1 1 1 1,1,1
gate,H2_seed0,2,horizontal,5,000176_10.png,000177_10.png,0,3 4 5 6 1 1,2 2 2 2 -4 -5,0,0
gate,H2_seed0,3,horizontal,5,000176_10.png,000177_10.png,0,2 3 2 3 2 7,1 1 -1 -1 -3 1,0,0
gate,H2_seed0,4,horizontal,5,000176_10.png,000177_10.png,1,2 2 6 7 8 9,1 0 3 3 3 3,0,0
gate,H2_seed0,5,horizontal,5,000176_10.png,000177_10.png,0,2 3 2 3 4 5,1 1 -1 -1 -1 -1,0,0
gate,H2_seed0,6,horizontal,5,000176_10.png,000177_10.png,0,0 0 1 2 3 4,-1 -2 -2 -2 -2 -2,0,0
gate,H2_seed0,7,horizontal,5,000176_10.png,000177_10.png,0,4 3 2 5 6 0,3 1 -1 1 1 -6,0,0
gate,H2_seed0,8,horizontal,5,000176_10.png,000177_10.png,1,1 1 9 1 9 10,0 -1 6 -3 4 4,0,0
gate,H2_seed0,9,horizontal,5,000176_10.png,000177_10.png,0,4 5 6 7 8 9,3 3 3 3 3 3,1,1
gate,H2_seed0,10,horizontal,5,000176_10.png,000177_10.png,0,10 7 9 10 1 2,9 5 6 6 -4 -4,0,0
gate,H2_seed0,11,horizontal,5,000176_10.png,000177_10.png,1,1 1 6 7 6 0,0 -1 3 3 1 -6,0,0
gate,H2_seed0,12,horizontal,5,000176_10.png,000177_10.png,0,2 3 4 5 6 7,1 1 1 1 1 1,1,1
gate,H2_seed0,13,horizontal,5,000176_10.png,000177_10.png,0,8 9 0 10 2 2,7 7 -3 6 -3 -4,0,0
gate,H2_seed0,14,horizontal,5,000176_10.png,000177_10.png,0,0 1 1 2 3 3,-1 -1 -2 -2 -2 -3,0,0
gate,H2_seed0,15,horizontal,5,000176_10.png,000177_10.png,0,2 3 4 5 6 7,1 1 1 1 1 1,1,1
gate,H2_seed0,16,horizontal,5,000176_10.png,000177_10.png,0,9 10 5 8 0 1,8 8 2 4 -5 -5,0,0
gate,H2_seed0,17,horizontal,5,000176_10.png,000177_10.png,6,1 2 3 4 5 6,0 0 0 0 0 0,1,0
gate,H2_seed0,18,horizontal,5,000176_10.png,000177_10.png,1,0 2 2 3 4 5,-1 0 -1 -1 -1 -1,0,0
gate,H2_seed0,19,horizontal,5,000176_10.png,000177_10.png,0,2 3 4 5 6 7,1 1 1 1 1 1,1,1
gate,H2_seed0,20,horizontal,5,000176_10.png,000177_10.png,0,2 3 4 5 6 7,1 1 1 1 1 1,1,1
gate,H2_seed0,21,horizontal,5,000176_10.png,000177_10.png,0,6 7 8 9 3 4,5 5 5 5 -2 -2,0,0
gate,H2_seed0,22,horizontal,5,000176_10.png,000177_10.png,5,1 2 3 3 5 6,0 0 0 -1 0 0,0,0
gate,H2_seed0,23,horizontal,5,000176_10.png,000177_10.png,0,11 10 10 10 10 4,10 8 7 6 5 -2,0,0
gate,H2_seed0,24,horizontal,5,000176_10.png,000177_10.png,0,7 7 8 9 10 11,6 5 5 5 5 5,0,0
gate,H2_seed0,25,horizontal,5,000176_10.png,000177_10.png,0,3 10 5 6 7 8,2 8 2 2 2 2,0,0
gate,H2_seed0,26,horizontal,5,000176_10.png,000177_10.png,0,5 1 8 0 9 10,4 -1 5 -4 4 4,0,0
gate,H2_seed0,27,horizontal,5,000176_10.png,000177_10.png,0,2 1 2 3 4 5,1 -1 -1 -1 -1 -1,0,0
gate,H2_seed0,28,horizontal,5,000176_10.png,000177_10.png,0,2 3 4 5 6 7,1 1 1 1 1 1,1,1
gate,H2_seed0,29,horizontal,5,000176_10.png,000177_10.png,1,1 3 4 5 6 7,0 1 1 1 1 1,0,0
gate,H2_seed0,30,horizontal,5,000176_10.png,000177_10.png,0,0 1 2 3 4 7,-1 -1 -1 -1 -1 1,0,0
gate,H2_seed0,31,horizontal,5,000176_10.png,000177_10.png,1,1 3 4 5 6 7,0 1 1 1 1 1,0,0
gate,H2_seed1,0,horizontal,0,000161_10.png,000162_10.png,1,1 1 2 9 3 8,0 -1 -1 5 -2 2,0,0
gate,H2_seed1,1,horizontal,0,000161_10.png,000162_10.png,0,3 6 7 8 7 7,2 4 4 4 2 1,0,0
gate,H2_seed1,2,horizontal,0,000161_10.png,000162_10.png,0,3 3 4 5 7 8,2 1 1 1 2 2,0,0
gate,H2_seed1,3,horizontal,0,000161_10.png,000162_10.png,0,2 1 4 5 6 7,1 -1 1 1 1 1,0,0
gate,H2_seed1,4,horizontal,0,000161_10.png,000162_10.png,0,2 3 4 5 6 7,1 1 1 1 1 1,1,1
gate,H2_seed1,5,horizontal,0,000161_10.png,000162_10.png,0,2 3 1 2 8 7,1 1 -2 -2 3 1,0,0
gate,H2_seed1,6,horizontal,0,000161_10.png,000162_10.png,5,7 2 3 4 5 6,6 0 0 0 0 0,0,0
gate,H2_seed1,7,horizontal,0,000161_10.png,000162_10.png,0,2 3 4 5 6 7,1 1 1 1 1 1,1,1
gate,H2_seed1,8,horizontal,0,000161_10.png,000162_10.png,0,0 0 6 2 9 4,-1 -2 3 -2 4 -2,0,0
gate,H2_seed1,9,horizontal,0,000161_10.png,000162_10.png,0,3 4 5 6 7 8,2 2 2 2 2 2,1,1
gate,H2_seed1,10,horizontal,0,000161_10.png,000162_10.png,0,6 7 6 7 8 11,5 5 3 3 3 5,0,0
gate,H2_seed1,11,horizontal,0,000161_10.png,000162_10.png,0,2 3 4 5 6 7,1 1 1 1 1 1,1,1
gate,H2_seed1,12,horizontal,0,000161_10.png,000162_10.png,0,3 4 5 6 7 8,2 2 2 2 2 2,1,1
gate,H2_seed1,13,horizontal,0,000161_10.png,000162_10.png,0,3 4 5 6 7 8,2 2 2 2 2 2,1,1
gate,H2_seed1,14,horizontal,0,000161_10.png,000162_10.png,0,3 4 5 6 2 8,2 2 2 2 -3 2,0,0
gate,H2_seed1,15,horizontal,0,000161_10.png,000162_10.png,5,0 2 3 4 5 6,-1 0 0 0 0 0,0,0
gate,H2_seed1,16,horizontal,0,000161_10.png,000162_10.png,0,7 8 1 10 9 1,6 6 -2 6 4 -5,0,0
gate,H2_seed1,17,horizontal,0,000161_10.png,000162_10.png,0,0 1 2 3 4 5,-1 -1 -1 -1 -1 -1,1,1
gate,H2_seed1,18,horizontal,0,000161_10.png,000162_10.png,0,2 3 4 5 6 7,1 1 1 1 1 1,1,1
gate,H2_seed1,19,horizontal,0,000161_10.png,000162_10.png,0,2 4 5 6 8 8,1 2 2 2 3 2,0,0
gate,H2_seed1,20,horizontal,0,000161_10.png,000162_10.png,0,7 8 9 2 11 5,6 6 6 -2 6 -1,0,0
gate,H2_seed1,21,horizontal,0,000161_10.png,000162_10.png,0,5 7 8 1 1 3,4 5 5 -3 -4 -3,0,0
gate,H2_seed1,22,horizontal,0,000161_10.png,000162_10.png,6,1 2 3 4 5 6,0 0 0 0 0 0,1,0
gate,H2_seed1,23,horizontal,0,000161_10.png,000162_10.png,0,7 8 9 1 2 2,6 6 6 -3 -3 -4,0,0
gate,H2_seed1,24,horizontal,0,000161_10.png,000162_10.png,0,9 9 1 2 2 4,8 7 -2 -2 -3 -2,0,0
gate,H2_seed1,25,horizontal,0,000161_10.png,000162_10.png,0,2 3 4 5 6 7,1 1 1 1 1 1,1,1
gate,H2_seed1,26,horizontal,0,000161_10.png,000162_10.png,0,4 5 6 7 8 9,3 3 3 3 3 3,1,1
gate,H2_seed1,27,horizontal,0,000161_10.png,000162_10.png,6,1 2 3 4 5 6,0 0 0 0 0 0,1,0
gate,H2_seed1,28,horizontal,0,000161_10.png,000162_10.png,1,1 3 4 5 6 7,0 1 1 1 1 1,0,0
gate,H2_seed1,29,horizontal,0,000161_10.png,000162_10.png,0,4 5 2 7 8 10,3 3 -1 3 3 4,0,0
gate,H2_seed1,30,horizontal,0,000161_10.png,000162_10.png,5,1 1 3 4 5 6,0 -1 0 0 0 0,0,0
gate,H2_seed1,31,horizontal,0,000161_10.png,000162_10.png,0,4 5 6 7 8 9,3 3 3 3 3 3,1,1
gate,H2_seed1,0,horizontal,1,000163_10.png,000164_10.png,1,1 9 10 11 7 8,0 7 7 7 2 2,0,0
gate,H2_seed1,1,horizontal,1,000163_10.png,000164_10.png,0,3 4 5 6 7 8,2 2 2 2 2 2,1,1
gate,H2_seed1,2,horizontal,1,000163_10.png,000164_10.png,0,9 10 11 9 1 2,8 8 8 5 -4 -4,0,0
gate,H2_seed1,3,horizontal,1,000163_10.png,000164_10.png,0,2 3 4 5 6 7,1 1 1 1 1 1,1,1
gate,H2_seed1,4,horizontal,1,000163_10.png,000164_10.png,0,2 3 4 5 8 9,1 1 1 1 3 3,0,0
gate,H2_seed1,5,horizontal,1,000163_10.png,000164_10.png,0,2 3 6 7 8 8,1 1 3 3 3 2,0,0
gate,H2_seed1,6,horizontal,1,000163_10.png,000164_10.png,1,0 2 2 3 4 5,-1 0 -1 -1 -1 -1,0,0
gate,H2_seed1,7,horizontal,1,000163_10.png,000164_10.png,0,2 3 4 5 6 7,1 1 1 1 1 1,1,1
gate,H2_seed1,8,horizontal,1,000163_10.png,000164_10.png,0,0 0 5 6 7 8,-1 -2 2 2 2 2,0,0
gate,H2_seed1,9,horizontal,1,000163_10.png,000164_10.png,0,6 7 5 7 7 8,5 5 2 3 2 2,0,0
gate,H2_seed1,10,horizontal,1,000163_10.png,000164_10.png,0,10 11 11 10 1 1,9 9 8 6 -4 -5,0,0
gate,H2_seed1,11,horizontal,1,000163_10.png,000164_10.png,0,2 3 1 2 3 4,1 1 -2 -2 -2 -2,0,0
gate,H2_seed1,12,horizontal,1,000163_10.png,000164_10.png,1,0 4 5 6 1 6,-1 2 2 2 -4 0,0,0
gate,H2_seed1,13,horizontal,1,000163_10.png,000164_10.png,0,7 8 9 6 7 8,6 6 6 2 2 2,0,0
gate,H2_seed1,14,horizontal,1,000163_10.png,000164_10.png,0,3 4 5 6 7 8,2 2 2 2 2 2,1,1
gate,H2_seed1,15,horizontal,1,000163_10.png,000164_10.png,5,0 2 3 4 5 6,-1 0 0 0 0 0,0,0
gate,H2_seed1,16,horizontal,1,000163_10.png,000164_10.png,0,9 9 1 8 4 5,8 7 -2 4 -1 -1,0,0
gate,H2_seed1,17,horizontal,1,000163_10.png,000164_10.png,0,0 1 2 3 4 5,-1 -1 -1 -1 -1 -1,1,1
gate,H2_seed1,18,horizontal,1,000163_10.png,000164_10.png,5,2 2 3 4 5 6,1 0 0 0 0 0,0,0
gate,H2_seed1,19,horizontal,1,000163_10.png,000164_10.png,4,4 2 6 4 5 6,3 0 3 0 0 0,0,0
gate,H2_seed1,20,horizontal,1,000163_10.png,000164_10.png,0,4 5 6 7 8 9,3 3 3 3 3 3,1,1
gate,H2_seed1,21,horizontal,1,000163_10.png,000164_10.png,0,10 9 10 2 1 2,9 7 7 -2 -4 -4,0,0
gate,H2_seed1,22,horizontal,1,000163_10.png,000164_10.png,6,1 2 3 4 5 6,0 0 0 0 0 0,1,0
gate,H2_seed1,23,horizontal,1,000163_10.png,000164_10.png,0,11 10 9 10 1 10,10 8 6 6 -4 4,0,0
gate,H2_seed1,24,horizontal,1,000163_10.png,000164_10.png,0,10 3 1 2 6 4,9 1 -2 -2 1 -2,0,0
gate,H2_seed1,25,horizontal,1,000163_10.png,000164_10.png,2,1 2 1 11 0 10,0 0 -2 7 -5 4,0,0
gate,H2_seed1,26,horizontal,1,000163_10.png,000164_10.png,2,1 2 10 8 9 2,0 0 7 4 4 -4,0,0
gate,H2_seed1,27,horizontal,1,000163_10.png,000164_10.png,6,1 2 3 4 5 6,0 0 0 0 0 0,1,0
gate,H2_seed1,28,horizontal,1,000163_10.png,000164_10.png,1,1 3 4 5 6 7,0 1 1 1 1 1,0,0
gate,H2_seed1,29,horizontal,1,000163_10.png,000164_10.png,0,3 6 7 8 9 10,2 4 4 4 4 4,0,0
gate,H2_seed1,30,horizontal,1,000163_10.png,000164_10.png,6,1 2 3 4 5 6,0 0 0 0 0 0,1,0
gate,H2_seed1,31,horizontal,1,000163_10.png,000164_10.png,2,4 2 3 5 6 4,3 0 0 1 1 -2,0,0
gate,H2_seed1,0,horizontal,2,000170_10.png,000171_10.png,1,1 1 2 2 2 3,0 -1 -1 -2 -3 -3,0,0
gate,H2_seed1,1,horizontal,2,000170_10.png,000171_10.png,0,4 5 6 7 8 9,3 3 3 3 3 3,1,1
gate,H2_seed1,2,horizontal,2,000170_10.png,000171_10.png,0,5 6 5 6 10 8,4 4 2 2 5 2,0,0
gate,H2_seed1,3,horizontal,2,000170_10.png,000171_10.png,1,2 2 4 5 6 7,1 0 1 1 1 1,0,0
gate,H2_seed1,4,horizontal,2,000170_10.png,000171_10.png,0,2 3 4 5 6 7,1 1 1 1 1 1,1,1
gate,H2_seed1,5,horizontal,2,000170_10.png,000171_10.png,0,2 3 1 5 6 7,1 1 -2 1 1 1,0,0
gate,H2_seed1,6,horizontal,2,000170_10.png,000171_10.png,3,0 2 2 11 5 6,-1 0 -1 7 0 0,0,0
gate,H2_seed1,7,horizontal,2,000170_10.png,000171_10.png,0,2 3 4 5 6 7,1 1 1 1 1 1,1,1
gate,H2_seed1,8,horizontal,2,000170_10.png,000171_10.png,0,4 1 5 0 1 8,3 -1 2 -4 -4 2,0,0
gate,H2_seed1,9,horizontal,2,000170_10.png,000171_10.png,0,4 4 5 6 7 8,3 2 2 2 2 2,0,0
gate,H2_seed1,10,horizontal,2,000170_10.png,000171_10.png,0,10 10 10 10 10 2,9 8 7 6 5 -4,0,0
gate,H2_seed1,11,horizontal,2,000170_10.png,000171_10.png,0,2 3 4 5 6 7,1 1 1 1 1 1,1,1
gate,H2_seed1,12,horizontal,2,000170_10.png,000171_10.png,1,2 4 4 5 5 7,1 2 1 1 0 1,0,0
gate,H2_seed1,13,horizontal,2,000170_10.png,000171_10.png,0,7 8 9 10 10 9,6 6 6 6 5 3,0,0
gate,H2_seed1,14,horizontal,2,000170_10.png,000171_10.png,0,3 4 5 6 7 8,2 2 2 2 2 2,1,1
gate,H2_seed1,15,horizontal,2,000170_10.png,000171_10.png,3,2 3 4 4 5 6,1 1 1 0 0 0,0,0
gate,H2_seed1,16,horizontal,2,000170_10.png,000171_10.png,0,8 9 10 8 3 4,7 7 7 4 -2 -2,0,0
gate,H2_seed1,17,horizontal,2,000170_10.png,000171_10.png,1,2 1 1 4 4 5,1 -1 -2 0 -1 -1,0,0
gate,H2_seed1,18,horizontal,2,000170_10.png,000171_10.png,0,2 3 4 5 6 7,1 1 1 1 1 1,1,1
gate,H2_seed1,19,horizontal,2,000170_10.png,000171_10.png,0,3 4 5 6 7 8,2 2 2 2 2 2,1,1
gate,H2_seed1,20,horizontal,2,000170_10.png,000171_10.png,0,0 0 6 7 3 9,-1 -2 3 3 -2 3,0,0
gate,H2_seed1,21,horizontal,2,000170_10.png,000171_10.png,0,11 9 10 11 1 2,10 7 7 7 -4 -4,0,0
gate,H2_seed1,22,horizontal,2,000170_10.png,000171_10.png,1,1 1 2 3 4 5,0 -1 -1 -1 -1 -1,0,0
gate,H2_seed1,23,horizontal,2,000170_10.png,000171_10.png,0,11 9 10 10 10 10,10 7 7 6 5 4,0,0
gate,H2_seed1,24,horizontal,2,000170_10.png,000171_10.png,0,11 7 8 11 10 11,10 5 5 7 5 5,0,0
gate,H2_seed1,25,horizontal,2,000170_10.png,000171_10.png,0,2 8 6 5 6 7,1 6 3 1 1 1,0,0
gate,H2_seed1,26,horizontal,2,000170_10.png,000171_10.png,0,4 5 6 7 8 9,3 3 3 3 3 3,1,1
gate,H2_seed1,27,horizontal,2,000170_10.png,000171_10.png,6,1 2 3 4 5 6,0 0 0 0 0 0,1,0
gate,H2_seed1,28,horizontal,2,000170_10.png,000171_10.png,1,1 3 4 5 6 7,0 1 1 1 1 1,0,0
gate,H2_seed1,29,horizontal,2,000170_10.png,000171_10.png,0,4 5 6 8 9 9,3 3 3 4 4 3,0,0
gate,H2_seed1,30,horizontal,2,000170_10.png,000171_10.png,6,1 2 3 4 5 6,0 0 0 0 0 0,1,0
gate,H2_seed1,31,horizontal,2,000170_10.png,000171_10.png,1,1 5 1 5 6 9,0 3 -2 1 1 3,0,0
gate,H2_seed1,0,horizontal,3,000172_10.png,000173_10.png,0,0 1 2 3 7 8,-1 -1 -1 -1 2 2,0,0
gate,H2_seed1,1,horizontal,3,000172_10.png,000173_10.png,0,3 4 5 6 7 8,2 2 2 2 2 2,1,1
gate,H2_seed1,2,horizontal,3,000172_10.png,000173_10.png,0,4 3 4 5 1 7,3 1 1 1 -4 1,0,0
gate,H2_seed1,3,horizontal,3,000172_10.png,000173_10.png,0,2 6 4 5 6 7,1 4 1 1 1 1,0,0
gate,H2_seed1,4,horizontal,3,000172_10.png,000173_10.png,0,2 3 4 5 6 7,1 1 1 1 1 1,1,1
gate,H2_seed1,5,horizontal,3,000172_10.png,000173_10.png,0,2 3 4 5 6 7,1 1 1 1 1 1,1,1
gate,H2_seed1,6,horizontal,3,000172_10.png,000173_10.png,2,0 8 10 0 5 6,-1 6 7 -4 0 0,0,0
gate,H2_seed1,7,horizontal,3,000172_10.png,000173_10.png,0,2 3 4 5 6 7,1 1 1 1 1 1,1,1
gate,H2_seed1,8,horizontal,3,000172_10.png,000173_10.png,0,3 4 5 6 7 8,2 2 2 2 2 2,1,1
gate,H2_seed1,9,horizontal,3,000172_10.png,000173_10.png,0,4 7 8 9 10 9,3 5 5 5 5 3,0,0
gate,H2_seed1,10,horizontal,3,000172_10.png,000173_10.png,0,7 8 9 9 8 1,6 6 6 5 3 -5,0,0
gate,H2_seed1,11,horizontal,3,000172_10.png,000173_10.png,0,2 9 1 8 9 9,1 7 -2 4 4 3,0,0
gate,H2_seed1,12,horizontal,3,000172_10.png,000173_10.png,0,3 4 5 6 7 8,2 2 2 2 2 2,1,1
gate,H2_seed1,13,horizontal,3,000172_10.png,000173_10.png,0,7 9 9 10 0 1,6 7 6 6 -5 -5,0,0
gate,H2_seed1,14,horizontal,3,000172_10.png,000173_10.png,0,10 3 4 0 2 3,9 1 1 -4 -3 -3,0,0
gate,H2_seed1,15,horizontal,3,000172_10.png,000173_10.png,0,2 3 4 5 6 7,1 1 1 1 1 1,1,1
gate,H2_seed1,16,horizontal,3,000172_10.png,000173_10.png,0,7 8 9 2 3 4,6 6 6 -2 -2 -2,0,0
gate,H2_seed1,17,horizontal,3,000172_10.png,000173_10.png,0,8 0 1 2 3 4,7 -2 -2 -2 -2 -2,0,0
gate,H2_seed1,18,horizontal,3,000172_10.png,000173_10.png,5,2 2 3 4 5 6,1 0 0 0 0 0,0,0
gate,H2_seed1,19,horizontal,3,000172_10.png,000173_10.png,0,4 5 6 7 8 9,3 3 3 3 3 3,1,1
gate,H2_seed1,20,horizontal,3,000172_10.png,000173_10.png,0,0 0 8 3 4 4,-1 -2 5 -1 -1 -2,0,0
gate,H2_seed1,21,horizontal,3,000172_10.png,000173_10.png,0,7 7 8 9 10 1,6 5 5 5 5 -5,0,0
gate,H2_seed1,22,horizontal,3,000172_10.png,000173_10.png,6,1 2 3 4 5 6,0 0 0 0 0 0,1,0
gate,H2_seed1,23,horizontal,3,000172_10.png,000173_10.png,0,7 8 8 10 10 2,6 6 5 6 5 -4,0,0
gate,H2_seed1,24,horizontal,3,000172_10.png,000173_10.png,0,6 9 6 11 2 1,5 7 3 7 -3 -5,0,0
gate,H2_seed1,25,horizontal,3,000172_10.png,000173_10.png,0,2 3 4 5 6 7,1 1 1 1 1 1,1,1
gate,H2_seed1,26,horizontal,3,000172_10.png,000173_10.png,2,1 2 0 1 2 3,0 0 -3 -3 -3 -3,0,0
gate,H2_seed1,27,horizontal,3,000172_10.png,000173_10.png,6,1 2 3 4 5 6,0 0 0 0 0 0,1,0
gate,H2_seed1,28,horizontal,3,000172_10.png,000173_10.png,1,1 3 4 5 6 7,0 1 1 1 1 1,0,0
gate,H2_seed1,29,horizontal,3,000172_10.png,000173_10.png,0,5 1 2 8 4 5,4 -1 -1 4 -1 -1,0,0
gate,H2_seed1,30,horizontal,3,000172_10.png,000173_10.png,6,1 2 3 4 5 6,0 0 0 0 0 0,1,0
gate,H2_seed1,31,horizontal,3,000172_10.png,000173_10.png,1,1 0 1 2 3 9,0 -2 -2 -2 -2 3,0,0
gate,H2_seed1,0,horizontal,4,000174_10.png,000175_10.png,0,6 1 5 6 7 8,5 -1 2 2 2 2,0,0
gate,H2_seed1,1,horizontal,4,000174_10.png,000175_10.png,0,4 5 6 7 8 9,3 3 3 3 3 3,1,1
gate,H2_seed1,2,horizontal,4,000174_10.png,000175_10.png,0,2 3 4 5 6 7,1 1 1 1 1 1,1,1
gate,H2_seed1,3,horizontal,4,000174_10.png,000175_10.png,0,2 3 4 5 6 7,1 1 1 1 1 1,1,1
gate,H2_seed1,4,horizontal,4,000174_10.png,000175_10.png,0,2 3 4 5 6 7,1 1 1 1 1 1,1,1
gate,H2_seed1,5,horizontal,4,000174_10.png,000175_10.png,0,2 3 4 5 6 8,1 1 1 1 1 2,0,0
gate,H2_seed1,6,horizontal,4,000174_10.png,000175_10.png,1,0 2 2 3 4 5,-1 0 -1 -1 -1 -1,0,0
gate,H2_seed1,7,horizontal,4,000174_10.png,000175_10.png,0,2 4 5 5 6 7,1 2 2 1 1 1,0,0
gate,H2_seed1,8,horizontal,4,000174_10.png,000175_10.png,0,0 3 4 5 6 7,-1 1 1 1 1 1,0,0
gate,H2_seed1,9,horizontal,4,000174_10.png,000175_10.png,0,10 3 5 6 9 10,9 1 2 2 4 4,0,0
gate,H2_seed1,10,horizontal,4,000174_10.png,000175_10.png,0,6 7 8 9 10 2,5 5 5 5 5 -4,0,0
gate,H2_seed1,11,horizontal,4,000174_10.png,000175_10.png,0,2 3 4 5 6 7,1 1 1 1 1 1,1,1
gate,H2_seed1,12,horizontal,4,000174_10.png,000175_10.png,2,1 4 5 6 5 8,0 2 2 2 0 2,0,0
gate,H2_seed1,13,horizontal,4,000174_10.png,000175_10.png,0,9 5 6 6 7 8,8 3 3 2 2 2,0,0
gate,H2_seed1,14,horizontal,4,000174_10.png,000175_10.png,0,2 3 4 5 6 7,1 1 1 1 1 1,1,1
gate,H2_seed1,15,horizontal,4,000174_10.png,000175_10.png,2,0 1 2 4 5 5,-1 -1 -1 0 0 -1,0,0
gate,H2_seed1,16,horizontal,4,000174_10.png,000175_10.png,0,8 3 4 5 9 7,7 1 1 1 4 1,0,0
gate,H2_seed1,17,horizontal,4,000174_10.png,000175_10.png,0,0 0 1 2 4 5,-1 -2 -2 -2 -1 -1,0,0
gate,H2_seed1,18,horizontal,4,000174_10.png,000175_10.png,2,2 3 4 5 5 6,1 1 1 1 0 0,0,0
gate,H2_seed1,19,horizontal,4,000174_10.png,000175_10.png,0,4 4 5 6 7 8,3 2 2 2 2 2,0,0
gate,H2_seed1,20,horizontal,4,000174_10.png,000175_10.png,0,4 5 9 3 4 5,3 3 6 -1 -1 -1,0,0
gate,H2_seed1,21,horizontal,4,000174_10.png,000175_10.png,0,6 7 8 9 10 2,5 5 5 5 5 -4,0,0
gate,H2_seed1,22,horizontal,4,000174_10.png,000175_10.png,6,1 2 3 4 5 6,0 0 0 0 0 0,1,0
gate,H2_seed1,23,horizontal,4,000174_10.png,000175_10.png,0,11 11 11 10 10 2,10 9 8 6 5 -4,0,0
gate,H2_seed1,24,horizontal,4,000174_10.png,000175_10.png,0,6 10 10 1 2 3,5 8 7 -3 -3 -3,0,0
gate,H2_seed1,25,horizontal,4,000174_10.png,000175_10.png,0,3 3 4 5 6 7,2 1 1 1 1 1,0,0
gate,H2_seed1,26,horizontal,4,000174_10.png,000175_10.png,3,1 2 3 8 10 3,0 0 0 4 5 -3,0,0
gate,H2_seed1,27,horizontal,4,000174_10.png,000175_10.png,6,1 2 3 4 5 6,0 0 0 0 0 0,1,0
gate,H2_seed1,28,horizontal,4,000174_10.png,000175_10.png,3,1 2 3 5 6 7,0 0 0 1 1 1,0,0
gate,H2_seed1,29,horizontal,4,000174_10.png,000175_10.png,0,4 1 2 3 9 5,3 -1 -1 -1 4 -1,0,0
gate,H2_seed1,30,horizontal,4,000174_10.png,000175_10.png,5,1 2 3 4 5 5,0 0 0 0 0 -1,0,0
gate,H2_seed1,31,horizontal,4,000174_10.png,000175_10.png,0,4 5 6 7 8 9,3 3 3 3 3 3,1,1
gate,H2_seed1,0,horizontal,5,000176_10.png,000177_10.png,3,1 1 0 2 5 6,0 -1 -3 -2 0 0,0,0
gate,H2_seed1,1,horizontal,5,000176_10.png,000177_10.png,0,4 4 5 7 7 8,3 2 2 3 2 2,0,0
gate,H2_seed1,2,horizontal,5,000176_10.png,000177_10.png,0,8 9 8 9 1 2,7 7 5 5 -4 -4,0,0
gate,H2_seed1,3,horizontal,5,000176_10.png,000177_10.png,0,2 3 4 5 6 7,1 1 1 1 1 1,1,1
gate,H2_seed1,4,horizontal,5,000176_10.png,000177_10.png,0,2 3 4 5 6 7,1 1 1 1 1 1,1,1
gate,H2_seed1,5,horizontal,5,000176_10.png,000177_10.png,0,2 3 4 5 6 7,1 1 1 1 1 1,1,1
gate,H2_seed1,6,horizontal,5,000176_10.png,000177_10.png,1,8 2 10 2 4 5,7 0 7 -2 -1 -1,0,0
gate,H2_seed1,7,horizontal,5,000176_10.png,000177_10.png,0,3 4 5 6 8 9,2 2 2 2 3 3,0,0
gate,H2_seed1,8,horizontal,5,000176_10.png,000177_10.png,0,0 4 5 8 8 10,-1 2 2 4 3 4,0,0
gate,H2_seed1,9,horizontal,5,000176_10.png,000177_10.png,0,3 4 5 6 7 8,2 2 2 2 2 2,1,1
gate,H2_seed1,10,horizontal,5,000176_10.png,000177_10.png,0,7 8 9 10 10 2,6 6 6 6 5 -4,0,0
gate,H2_seed1,11,horizontal,5,000176_10.png,000177_10.png,0,2 3 4 5 6 7,1 1 1 1 1 1,1,1
gate,H2_seed1,12,horizontal,5,000176_10.png,000177_10.png,0,3 4 5 6 7 8,2 2 2 2 2 2,1,1
gate,H2_seed1,13,horizontal,5,000176_10.png,000177_10.png,0,8 6 7 11 7 8,7 4 4 7 2 2,0,0
gate,H2_seed1,14,horizontal,5,000176_10.png,000177_10.png,0,3 3 11 8 2 3,2 1 8 4 -3 -3,0,0
gate,H2_seed1,15,horizontal,5,000176_10.png,000177_10.png,3,2 2 3 5 6 6,1 0 0 1 1 0,0,0
gate,H2_seed1,16,horizontal,5,000176_10.png,000177_10.png,0,5 6 7 8 1 2,4 4 4 4 -4 -4,0,0
gate,H2_seed1,17,horizontal,5,000176_10.png,000177_10.png,0,0 1 2 3 4 5,-1 -1 -1 -1 -1 -1,1,1
gate,H2_seed1,18,horizontal,5,000176_10.png,000177_10.png,0,2 3 4 5 6 7,1 1 1 1 1 1,1,1
gate,H2_seed1,19,horizontal,5,000176_10.png,000177_10.png,0,3 4 5 6 7 8,2 2 2 2 2 2,1,1
gate,H2_seed1,20,horizontal,5,000176_10.png,000177_10.png,4,2 0 3 4 5 6,1 -2 0 0 0 0,0,0
gate,H2_seed1,21,horizontal,5,000176_10.png,000177_10.png,0,5 8 9 8 10 1,4 6 6 4 5 -5,0,0
gate,H2_seed1,22,horizontal,5,000176_10.png,000177_10.png,6,1 2 3 4 5 6,0 0 0 0 0 0,1,0
gate,H2_seed1,23,horizontal,5,000176_10.png,000177_10.png,0,7 8 9 10 10 2,6 6 6 6 5 -4,0,0
gate,H2_seed1,24,horizontal,5,000176_10.png,000177_10.png,0,6 7 8 9 0 1,5 5 5 5 -5 -5,0,0
gate,H2_seed1,25,horizontal,5,000176_10.png,000177_10.png,0,3 5 6 7 8 9,2 3 3 3 3 3,0,0
gate,H2_seed1,26,horizontal,5,000176_10.png,000177_10.png,0,4 5 6 1 8 9,3 3 3 -3 3 3,0,0
gate,H2_seed1,27,horizontal,5,000176_10.png,000177_10.png,6,1 2 3 4 5 6,0 0 0 0 0 0,1,0
gate,H2_seed1,28,horizontal,5,000176_10.png,000177_10.png,2,1 3 3 5 6 7,0 1 0 1 1 1,0,0
gate,H2_seed1,29,horizontal,5,000176_10.png,000177_10.png,0,5 6 7 7 9 1,4 4 4 3 4 -5,0,0
gate,H2_seed1,30,horizontal,5,000176_10.png,000177_10.png,6,1 2 3 4 5 6,0 0 0 0 0 0,1,0
gate,H2_seed1,31,horizontal,5,000176_10.png,000177_10.png,0,4 3 6 7 8 9,3 1 3 3 3 3,0,0
gate,H2_seed2,0,horizontal,0,000161_10.png,000162_10.png,2,1 2 2 2 3 4,0 0 -1 -2 -2 -2,0,0
gate,H2_seed2,1,horizontal,0,000161_10.png,000162_10.png,0,4 5 6 7 8 8,3 3 3 3 3 2,0,0
gate,H2_seed2,2,horizontal,0,000161_10.png,000162_10.png,0,4 3 4 5 6 1,3 1 1 1 1 -5,0,0
gate,H2_seed2,3,horizontal,0,000161_10.png,000162_10.png,1,1 1 2 3 4 5,0 -1 -1 -1 -1 -1,0,0
gate,H2_seed2,4,horizontal,0,000161_10.png,000162_10.png,0,2 3 5 5 7 8,1 1 2 1 2 2,0,0
gate,H2_seed2,5,horizontal,0,000161_10.png,000162_10.png,3,2 3 4 4 5 6,1 1 1 0 0 0,0,0
gate,H2_seed2,6,horizontal,0,000161_10.png,000162_10.png,0,7 8 2 3 4 5,6 6 -1 -1 -1 -1,0,0
gate,H2_seed2,7,horizontal,0,000161_10.png,000162_10.png,0,2 3 4 5 6 7,1 1 1 1 1 1,1,1
gate,H2_seed2,8,horizontal,0,000161_10.png,000162_10.png,0,4 0 1 2 3 4,3 -2 -2 -2 -2 -2,0,0
gate,H2_seed2,9,horizontal,0,000161_10.png,000162_10.png,0,5 6 7 8 9 10,4 4 4 4 4 4,1,1
gate,H2_seed2,10,horizontal,0,000161_10.png,000162_10.png,0,5 8 9 10 3 4,4 6 6 6 -2 -2,0,0
gate,H2_seed2,11,horizontal,0,000161_10.png,000162_10.png,0,2 0 1 2 8 9,1 -2 -2 -2 3 3,0,0
gate,H2_seed2,12,horizontal,0,000161_10.png,000162_10.png,0,0 7 8 1 2 3,-1 5 5 -3 -3 -3,0,0
gate,H2_seed2,13,horizontal,0,000161_10.png,000162_10.png,0,6 7 8 9 3 4,5 5 5 5 -2 -2,0,0
gate,H2_seed2,14,horizontal,0,000161_10.png,000162_10.png,0,5 6 0 1 2 3,4 4 -3 -3 -3 -3,0,0
gate,H2_seed2,15,horizontal,0,000161_10.png,000162_10.png,5,1 2 3 4 5 7,0 0 0 0 0 1,0,0
gate,H2_seed2,16,horizontal,0,000161_10.png,000162_10.png,0,5 7 8 8 9 10,4 5 5 4 4 4,0,0
gate,H2_seed2,17,horizontal,0,000161_10.png,000162_10.png,6,1 2 3 4 5 6,0 0 0 0 0 0,1,0
gate,H2_seed2,18,horizontal,0,000161_10.png,000162_10.png,0,4 5 6 7 8 9,3 3 3 3 3 3,1,1
gate,H2_seed2,19,horizontal,0,000161_10.png,000162_10.png,0,2 3 4 5 6 7,1 1 1 1 1 1,1,1
gate,H2_seed2,20,horizontal,0,000161_10.png,000162_10.png,0,0 1 1 3 4 5,-1 -1 -2 -1 -1 -1,0,0
gate,H2_seed2,21,horizontal,0,000161_10.png,000162_10.png,0,5 7 8 9 10 1,4 5 5 5 5 -5,0,0
gate,H2_seed2,22,horizontal,0,000161_10.png,000162_10.png,1,1 1 2 3 4 5,0 -1 -1 -1 -1 -1,0,0
gate,H2_seed2,23,horizontal,0,000161_10.png,000162_10.png,0,6 11 8 10 10 10,5 9 5 6 5 4,0,0
gate,H2_seed2,24,horizontal,0,000161_10.png,000162_10.png,0,8 5 0 1 2 3,7 3 -3 -3 -3 -3,0,0
gate,H2_seed2,25,horizontal,0,000161_10.png,000162_10.png,0,4 5 6 7 8 9,3 3 3 3 3 3,1,1
gate,H2_seed2,26,horizontal,0,000161_10.png,000162_10.png,1,1 5 0 7 8 9,0 3 -3 3 3 3,0,0
gate,H2_seed2,27,horizontal,0,000161_10.png,000162_10.png,1,1 1 2 3 4 4,0 -1 -1 -1 -1 -2,0,0
gate,H2_seed2,28,horizontal,0,000161_10.png,000162_10.png,0,3 4 5 6 7 8,2 2 2 2 2 2,1,1
gate,H2_seed2,29,horizontal,0,000161_10.png,000162_10.png,0,3 6 7 6 7 2,2 4 4 2 2 -4,0,0
gate,H2_seed2,30,horizontal,0,000161_10.png,000162_10.png,0,2 3 4 5 6 7,1 1 1 1 1 1,1,1
gate,H2_seed2,31,horizontal,0,000161_10.png,000162_10.png,1,1 3 4 5 6 9,0 1 1 1 1 3,0,0
gate,H2_seed2,0,horizontal,1,000163_10.png,000164_10.png,0,6 1 2 3 4 5,5 -1 -1 -1 -1 -1,0,0
gate,H2_seed2,1,horizontal,1,000163_10.png,000164_10.png,0,4 5 6 7 8 9,3 3 3 3 3 3,1,1
gate,H2_seed2,2,horizontal,1,000163_10.png,000164_10.png,0,3 11 9 10 11 1,2 9 6 6 6 -5,0,0
gate,H2_seed2,3,horizontal,1,000163_10.png,000164_10.png,1,1 1 2 3 4 5,0 -1 -1 -1 -1 -1,0,0
gate,H2_seed2,4,horizontal,1,000163_10.png,000164_10.png,0,3 4 5 6 7 8,2 2 2 2 2 2,1,1
gate,H2_seed2,5,horizontal,1,000163_10.png,000164_10.png,0,2 1 2 5 4 5,1 -1 -1 1 -1 -1,0,0
gate,H2_seed2,6,horizontal,1,000163_10.png,000164_10.png,0,0 11 1 2 3 4,-1 9 -2 -2 -2 -2,0,0
gate,H2_seed2,7,horizontal,1,000163_10.png,000164_10.png,0,2 3 4 5 6 7,1 1 1 1 1 1,1,1
gate,H2_seed2,8,horizontal,1,000163_10.png,000164_10.png,0,0 0 6 2 8 9,-1 -2 3 -2 3 3,0,0
gate,H2_seed2,9,horizontal,1,000163_10.png,000164_10.png,0,4 6 6 7 8 9,3 4 3 3 3 3,0,0
gate,H2_seed2,10,horizontal,1,000163_10.png,000164_10.png,0,9 8 9 1 2 3,8 6 6 -3 -3 -3,0,0
gate,H2_seed2,11,horizontal,1,000163_10.png,000164_10.png,1,2 2 1 7 6 7,1 0 -2 3 1 1,0,0
gate,H2_seed2,12,horizontal,1,000163_10.png,000164_10.png,2,0 5 3 4 2 3,-1 3 0 0 -3 -3,0,0
gate,H2_seed2,13,horizontal,1,000163_10.png,000164_10.png,0,7 11 9 11 3 4,6 9 6 7 -2 -2,0,0
gate,H2_seed2,14,horizontal,1,000163_10.png,000164_10.png,0,0 10 11 0 10 3,-1 8 8 -4 5 -3,0,0
gate,H2_seed2,15,horizontal,1,000163_10.png,000164_10.png,3,1 2 3 5 6 7,0 0 0 1 1 1,0,0
gate,H2_seed2,16,horizontal,1,000163_10.png,000164_10.png,0,7 10 9 1 2 3,6 8 6 -3 -3 -3,0,0
gate,H2_seed2,17,horizontal,1,000163_10.png,000164_10.png,6,1 2 3 4 5 6,0 0 0 0 0 0,1,0
gate,H2_seed2,18,horizontal,1,000163_10.png,000164_10.png,0,2 5 6 7 8 9,1 3 3 3 3 3,0,0
gate,H2_seed2,19,horizontal,1,000163_10.png,000164_10.png,0,3 4 5 6 7 8,2 2 2 2 2 2,1,1
gate,H2_seed2,20,horizontal,1,000163_10.png,000164_10.png,1,8 9 3 10 3 0,7 7 0 6 -2 -6,0,0
gate,H2_seed2,21,horizontal,1,000163_10.png,000164_10.png,0,7 8 9 8 9 11,6 6 6 4 4 5,0,0
gate,H2_seed2,22,horizontal,1,000163_10.png,000164_10.png,0,0 1 2 3 4 5,-1 -1 -1 -1 -1 -1,1,1
gate,H2_seed2,23,horizontal,1,000163_10.png,000164_10.png,0,6 7 8 10 10 3,5 5 5 6 5 -3,0,0
gate,H2_seed2,24,horizontal,1,000163_10.png,000164_10.png,0,4 5 0 1 2 3,3 3 -3 -3 -3 -3,0,0
gate,H2_seed2,25,horizontal,1,000163_10.png,000164_10.png,0,4 3 6 7 8 9,3 1 3 3 3 3,0,0
gate,H2_seed2,26,horizontal,1,000163_10.png,000164_10.png,0,5 6 7 9 10 11,4 4 4 5 5 5,0,0
gate,H2_seed2,27,horizontal,1,000163_10.png,000164_10.png,6,1 2 3 4 5 6,0 0 0 0 0 0,1,0
gate,H2_seed2,28,horizontal,1,000163_10.png,000164_10.png,0,3 4 5 6 7 8,2 2 2 2 2 2,1,1
gate,H2_seed2,29,horizontal,1,000163_10.png,000164_10.png,0,5 4 7 6 9 8,4 2 4 2 4 2,0,0
gate,H2_seed2,30,horizontal,1,000163_10.png,000164_10.png,1,2 2 4 5 6 7,1 0 1 1 1 1,0,0
gate,H2_seed2,31,horizontal,1,000163_10.png,000164_10.png,1,1 1 6 7 8 9,0 -1 3 3 3 3,0,0
gate,H2_seed2,0,horizontal,2,000170_10.png,000171_10.png,0,9 10 11 10 2 3,8 8 8 6 -3 -3,0,0
gate,H2_seed2,1,horizontal,2,000170_10.png,000171_10.png,0,3 5 5 6 7 8,2 3 2 2 2 2,0,0
gate,H2_seed2,2,horizontal,2,000170_10.png,000171_10.png,0,6 6 8 7 8 9,5 4 5 3 3 3,0,0
gate,H2_seed2,3,horizontal,2,000170_10.png,000171_10.png,0,2 3 2 5 6 7,1 1 -1 1 1 1,0,0
gate,H2_seed2,4,horizontal,2,000170_10.png,000171_10.png,1,5 2 4 5 6 7,4 0 1 1 1 1,0,0
gate,H2_seed2,5,horizontal,2,000170_10.png,000171_10.png,0,2 1 2 3 6 7,1 -1 -1 -1 1 1,0,0
gate,H2_seed2,6,horizontal,2,000170_10.png,000171_10.png,0,10 9 10 2 3 4,9 7 7 -2 -2 -2,0,0
gate,H2_seed2,7,horizontal,2,000170_10.png,000171_10.png,0,4 5 6 7 8 9,3 3 3 3 3 3,1,1
gate,H2_seed2,8,horizontal,2,000170_10.png,000171_10.png,0,4 5 6 7 8 9,3 3 3 3 3 3,1,1
gate,H2_seed2,9,horizontal,2,000170_10.png,000171_10.png,0,6 7 8 9 10 1,5 5 5 5 5 -5,0,0
gate,H2_seed2,10,horizontal,2,000170_10.png,000171_10.png,0,8 8 8 10 10 10,7 6 5 6 5 4,0,0
gate,H2_seed2,11,horizontal,2,000170_10.png,000171_10.png,0,2 0 1 2 3 7,1 -2 -2 -2 -2 1,0,0
gate,H2_seed2,12,horizontal,2,000170_10.png,000171_10.png,5,0 2 3 4 5 6,-1 0 0 0 0 0,0,0
gate,H2_seed2,13,horizontal,2,000170_10.png,000171_10.png,0,7 0 9 5 6 7,6 -2 6 1 1 1,0,0
gate,H2_seed2,14,horizontal,2,000170_10.png,000171_10.png,0,3 4 5 6 7 8,2 2 2 2 2 2,1,1
gate,H2_seed2,15,horizontal,2,000170_10.png,000171_10.png,1,1 0 1 3 3 4,0 -2 -2 -1 -2 -2,0,0
gate,H2_seed2,16,horizontal,2,000170_10.png,000171_10.png,0,8 9 9 10 9 1,7 7 6 6 4 -5,0,0
gate,H2_seed2,17,horizontal,2,000170_10.png,000171_10.png,3,1 2 3 2 4 5,0 0 0 -2 -1 -1,0,0
gate,H2_seed2,18,horizontal,2,000170_10.png,000171_10.png,0,2 3 4 5 6 7,1 1 1 1 1 1,1,1
gate,H2_seed2,19,horizontal,2,000170_10.png,000171_10.png,0,3 4 5 6 7 8,2 2 2 2 2 2,1,1
gate,H2_seed2,20,horizontal,2,000170_10.png,000171_10.png,5,11 2 3 4 5 6,10 0 0 0 0 0,0,0
gate,H2_seed2,21,horizontal,2,000170_10.png,000171_10.png,0,8 9 10 9 11 1,7 7 7 5 6 -5,0,0
gate,H2_seed2,22,horizontal,2,000170_10.png,000171_10.png,1,1 1 2 3 4 5,0 -1 -1 -1 -1 -1,0,0
gate,H2_seed2,23,horizontal,2,000170_10.png,000171_10.png,0,7 8 9 10 10 1,6 6 6 6 5 -5,0,0
gate,H2_seed2,24,horizontal,2,000170_10.png,000171_10.png,0,6 7 9 10 11 0,5 5 6 6 6 -6,0,0
gate,H2_seed2,25,horizontal,2,000170_10.png,000171_10.png,0,4 5 6 7 8 9,3 3 3 3 3 3,1,1
gate,H2_seed2,26,horizontal,2,000170_10.png,000171_10.png,0,6 7 9 10 10 10,5 5 6 6 5 4,0,0
gate,H2_seed2,27,horizontal,2,000170_10.png,000171_10.png,6,1 2 3 4 5 6,0 0 0 0 0 0,1,0
gate,H2_seed2,28,horizontal,2,000170_10.png,000171_10.png,0,3 4 5 6 7 8,2 2 2 2 2 2,1,1
gate,H2_seed2,29,horizontal,2,000170_10.png,000171_10.png,0,3 4 5 6 7 8,2 2 2 2 2 2,1,1
gate,H2_seed2,30,horizontal,2,000170_10.png,000171_10.png,5,2 2 3 4 5 6,1 0 0 0 0 0,0,0
gate,H2_seed2,31,horizontal,2,000170_10.png,000171_10.png,1,1 5 6 7 8 9,0 3 3 3 3 3,0,0
gate,H2_seed2,0,horizontal,3,000172_10.png,000173_10.png,0,5 9 8 8 3 10,4 7 5 4 -2 4,0,0
gate,H2_seed2,1,horizontal,3,000172_10.png,000173_10.png,0,4 5 6 3 4 5,3 3 3 -1 -1 -1,0,0
gate,H2_seed2,2,horizontal,3,000172_10.png,000173_10.png,0,4 5 6 7 1 9,3 3 3 3 -4 3,0,0
gate,H2_seed2,3,horizontal,3,000172_10.png,000173_10.png,0,2 3 2 5 6 5,1 1 -1 1 1 -1,0,0
gate,H2_seed2,4,horizontal,3,000172_10.png,000173_10.png,0,2 3 5 5 7 7,1 1 2 1 2 1,0,0
gate,H2_seed2,5,horizontal,3,000172_10.png,000173_10.png,0,2 1 4 5 6 7,1 -1 1 1 1 1,0,0
gate,H2_seed2,6,horizontal,3,000172_10.png,000173_10.png,0,0 10 2 3 3 3,-1 8 -1 -1 -2 -3,0,0
gate,H2_seed2,7,horizontal,3,000172_10.png,000173_10.png,0,2 3 4 5 6 7,1 1 1 1 1 1,1,1
gate,H2_seed2,8,horizontal,3,000172_10.png,000173_10.png,0,4 0 1 2 3 4,3 -2 -2 -2 -2 -2,0,0
gate,H2_seed2,9,horizontal,3,000172_10.png,000173_10.png,0,5 6 7 8 9 2,4 4 4 4 4 -4,0,0
gate,H2_seed2,10,horizontal,3,000172_10.png,000173_10.png,0,6 7 9 10 3 2,5 5 6 6 -2 -4,0,0
gate,H2_seed2,11,horizontal,3,000172_10.png,000173_10.png,0,2 0 1 2 3 4,1 -2 -2 -2 -2 -2,0,0
gate,H2_seed2,12,horizontal,3,000172_10.png,000173_10.png,4,1 2 3 0 5 3,0 0 0 -4 0 -3,0,0
gate,H2_seed2,13,horizontal,3,000172_10.png,000173_10.png,0,7 10 1 2 6 7,6 8 -2 -2 1 1,0,0
gate,H2_seed2,14,horizontal,3,000172_10.png,000173_10.png,0,3 4 5 6 7 8,2 2 2 2 2 2,1,1
gate,H2_seed2,15,horizontal,3,000172_10.png,000173_10.png,6,1 2 3 4 5 6,0 0 0 0 0 0,1,0
gate,H2_seed2,16,horizontal,3,000172_10.png,000173_10.png,0,7 8 9 9 11 10,6 6 6 5 6 4,0,0
gate,H2_seed2,17,horizontal,3,000172_10.png,000173_10.png,0,7 0 1 2 2 4,6 -2 -2 -2 -3 -2,0,0
gate,H2_seed2,18,horizontal,3,000172_10.png,000173_10.png,0,3 3 4 5 7 8,2 1 1 1 2 2,0,0
gate,H2_seed2,19,horizontal,3,000172_10.png,000173_10.png,0,2 4 5 6 7 8,1 2 2 2 2 2,0,0
gate,H2_seed2,20,horizontal,3,000172_10.png,000173_10.png,6,1 2 3 4 5 6,0 0 0 0 0 0,1,0
gate,H2_seed2,21,horizontal,3,000172_10.png,000173_10.png,0,6 7 8 9 1 1,5 5 5 5 -4 -5,0,0
gate,H2_seed2,22,horizontal,3,000172_10.png,000173_10.png,1,1 1 2 3 4 5,0 -1 -1 -1 -1 -1,0,0
gate,H2_seed2,23,horizontal,3,000172_10.png,000173_10.png,0,7 9 8 10 10 3,6 7 5 6 5 -3,0,0
gate,H2_seed2,24,horizontal,3,000172_10.png,000173_10.png,0,6 8 8 1 2 2,5 6 5 -3 -3 -4,0,0
gate,H2_seed2,25,horizontal,3,000172_10.png,000173_10.png,0,4 5 6 7 8 9,3 3 3 3 3 3,1,1
gate,H2_seed2,26,horizontal,3,000172_10.png,000173_10.png,0,5 6 7 8 2 3,4 4 4 4 -3 -3,0,0
gate,H2_seed2,27,horizontal,3,000172_10.png,000173_10.png,6,1 2 3 4 5 6,0 0 0 0 0 0,1,0
gate,H2_seed2,28,horizontal,3,000172_10.png,000173_10.png,0,3 4 5 6 7 8,2 2 2 2 2 2,1,1
gate,H2_seed2,29,horizontal,3,000172_10.png,000173_10.png,0,6 4 6 6 7 8,5 2 3 2 2 2,0,0
gate,H2_seed2,30,horizontal,3,000172_10.png,000173_10.png,5,2 2 3 4 5 6,1 0 0 0 0 0,0,0
gate,H2_seed2,31,horizontal,3,000172_10.png,000173_10.png,2,1 2 4 5 6 9,0 0 1 1 1 3,0,0
gate,H2_seed2,0,horizontal,4,000174_10.png,000175_10.png,0,6 1 9 3 3 3,5 -1 6 -1 -2 -3,0,0
gate,H2_seed2,1,horizontal,4,000174_10.png,000175_10.png,0,4 5 6 7 8 9,3 3 3 3 3 3,1,1
gate,H2_seed2,2,horizontal,4,000174_10.png,000175_10.png,0,5 4 5 6 8 1,4 2 2 2 3 -5,0,0
gate,H2_seed2,3,horizontal,4,000174_10.png,000175_10.png,0,2 3 5 6 7 5,1 1 2 2 2 -1,0,0
gate,H2_seed2,4,horizontal,4,000174_10.png,000175_10.png,0,2 3 4 6 7 7,1 1 1 2 2 1,0,0
gate,H2_seed2,5,horizontal,4,000174_10.png,000175_10.png,0,2 3 4 5 6 7,1 1 1 1 1 1,1,1
gate,H2_seed2,6,horizontal,4,000174_10.png,000175_10.png,0,0 9 1 2 3 4,-1 7 -2 -2 -2 -2,0,0
gate,H2_seed2,7,horizontal,4,000174_10.png,000175_10.png,0,2 3 4 5 6 7,1 1 1 1 1 1,1,1
gate,H2_seed2,8,horizontal,4,000174_10.png,000175_10.png,0,4 0 2 2 3 9,3 -2 -1 -2 -2 3,0,0
gate,H2_seed2,9,horizontal,4,000174_10.png,000175_10.png,0,2 6 8 8 9 2,1 4 5 4 4 -4,0,0
gate,H2_seed2,10,horizontal,4,000174_10.png,000175_10.png,0,5 5 6 7 8 3,4 3 3 3 3 -3,0,0
gate,H2_seed2,11,horizontal,4,000174_10.png,000175_10.png,0,2 0 1 2 3 4,1 -2 -2 -2 -2 -2,0,0
gate,H2_seed2,12,horizontal,4,000174_10.png,000175_10.png,0,6 7 8 9 2 11,5 5 5 5 -3 5,0,0
gate,H2_seed2,13,horizontal,4,000174_10.png,000175_10.png,0,5 6 7 8 2 3,4 4 4 4 -3 -3,0,0
gate,H2_seed2,14,horizontal,4,000174_10.png,000175_10.png,0,3 4 2 3 4 8,2 2 -1 -1 -1 2,0,0
gate,H2_seed2,15,horizontal,4,000174_10.png,000175_10.png,2,1 2 1 2 3 4,0 0 -2 -2 -2 -2,0,0
gate,H2_seed2,16,horizontal,4,000174_10.png,000175_10.png,0,5 6 7 8 9 0,4 4 4 4 4 -6,0,0
gate,H2_seed2,17,horizontal,4,000174_10.png,000175_10.png,0,8 0 1 2 3 4,7 -2 -2 -2 -2 -2,0,0
gate,H2_seed2,18,horizontal,4,000174_10.png,000175_10.png,0,4 3 4 5 6 7,3 1 1 1 1 1,0,0
gate,H2_seed2,19,horizontal,4,000174_10.png,000175_10.png,0,2 4 5 6 7 8,1 2 2 2 2 2,0,0
gate,H2_seed2,20,horizontal,4,000174_10.png,000175_10.png,6,1 2 3 4 5 6,0 0 0 0 0 0,1,0
gate,H2_seed2,21,horizontal,4,000174_10.png,000175_10.png,0,6 7 8 9 10 1,5 5 5 5 5 -5,0,0
gate,H2_seed2,22,horizontal,4,000174_10.png,000175_10.png,0,0 1 2 3 4 5,-1 -1 -1 -1 -1 -1,1,1
gate,H2_seed2,23,horizontal,4,000174_10.png,000175_10.png,0,6 7 8 9 10 4,5 5 5 5 5 -2,0,0
gate,H2_seed2,24,horizontal,4,000174_10.png,000175_10.png,0,6 7 0 1 2 3,5 5 -3 -3 -3 -3,0,0
gate,H2_seed2,25,horizontal,4,000174_10.png,000175_10.png,0,3 4 5 6 7 9,2 2 2 2 2 3,0,0
gate,H2_seed2,26,horizontal,4,000174_10.png,000175_10.png,1,1 7 8 9 10 1,0 5 5 5 5 -5,0,0
gate,H2_seed2,27,horizontal,4,000174_10.png,000175_10.png,6,1 2 3 4 5 6,0 0 0 0 0 0,1,0
gate,H2_seed2,28,horizontal,4,000174_10.png,000175_10.png,0,3 4 2 6 7 8,2 2 -1 2 2 2,0,0
gate,H2_seed2,29,horizontal,4,000174_10.png,000175_10.png,0,3 4 5 6 7 8,2 2 2 2 2 2,1,1
gate,H2_seed2,30,horizontal,4,000174_10.png,000175_10.png,5,2 2 3 4 5 6,1 0 0 0 0 0,0,0
gate,H2_seed2,31,horizontal,4,000174_10.png,000175_10.png,1,1 1 4 5 6 9,0 -1 1 1 1 3,0,0
gate,H2_seed2,0,horizontal,5,000176_10.png,000177_10.png,0,6 1 2 3 3 4,5 -1 -1 -1 -2 -2,0,0
gate,H2_seed2,1,horizontal,5,000176_10.png,000177_10.png,0,3 5 6 7 7 8,2 3 3 3 2 2,0,0
gate,H2_seed2,2,horizontal,5,000176_10.png,000177_10.png,0,3 4 5 6 7 8,2 2 2 2 2 2,1,1
gate,H2_seed2,3,horizontal,5,000176_10.png,000177_10.png,0,2 3 2 3 4 5,1 1 -1 -1 -1 -1,0,0
gate,H2_seed2,4,horizontal,5,000176_10.png,000177_10.png,0,3 4 5 6 7 8,2 2 2 2 2 2,1,1
gate,H2_seed2,5,horizontal,5,000176_10.png,000177_10.png,1,1 1 2 3 4 5,0 -1 -1 -1 -1 -1,0,0
gate,H2_seed2,6,horizontal,5,000176_10.png,000177_10.png,0,0 8 2 3 2 3,-1 6 -1 -1 -3 -3,0,0
gate,H2_seed2,7,horizontal,5,000176_10.png,000177_10.png,0,2 3 4 5 6 7,1 1 1 1 1 1,1,1
gate,H2_seed2,8,horizontal,5,000176_10.png,000177_10.png,1,1 0 1 2 4 5,0 -2 -2 -2 -1 -1,0,0
gate,H2_seed2,9,horizontal,5,000176_10.png,000177_10.png,0,6 7 8 9 10 0,5 5 5 5 5 -6,0,0
gate,H2_seed2,10,horizontal,5,000176_10.png,000177_10.png,0,4 5 6 7 1 2,3 3 3 3 -4 -4,0,0
gate,H2_seed2,11,horizontal,5,000176_10.png,000177_10.png,0,2 0 1 2 3 4,1 -2 -2 -2 -2 -2,0,0
gate,H2_seed2,12,horizontal,5,000176_10.png,000177_10.png,3,0 0 3 4 5 5,-1 -2 0 0 0 -1,0,0
gate,H2_seed2,13,horizontal,5,000176_10.png,000177_10.png,0,7 10 9 5 2 3,6 8 6 1 -3 -3,0,0
gate,H2_seed2,14,horizontal,5,000176_10.png,000177_10.png,0,6 7 8 9 1 3,5 5 5 5 -4 -3,0,0
gate,H2_seed2,15,horizontal,5,000176_10.png,000177_10.png,6,1 2 3 4 5 6,0 0 0 0 0 0,1,0
gate,H2_seed2,16,horizontal,5,000176_10.png,000177_10.png,0,10 7 8 9 10 3,9 5 5 5 5 -3,0,0
gate,H2_seed2,17,horizontal,5,000176_10.png,000177_10.png,5,1 2 1 4 5 6,0 0 -2 0 0 0,0,0
gate,H2_seed2,18,horizontal,5,000176_10.png,000177_10.png,0,2 3 4 5 6 7,1 1 1 1 1 1,1,1
gate,H2_seed2,19,horizontal,5,000176_10.png,000177_10.png,0,3 4 5 5 6 8,2 2 2 1 1 2,0,0
gate,H2_seed2,20,horizontal,5,000176_10.png,000177_10.png,5,0 2 3 4 5 6,-1 0 0 0 0 0,0,0
gate,H2_seed2,21,horizontal,5,000176_10.png,000177_10.png,0,4 5 7 8 1 1,3 3 4 4 -4 -5,0,0
gate,H2_seed2,22,horizontal,5,000176_10.png,000177_10.png,1,1 1 2 3 4 5,0 -1 -1 -1 -1 -1,0,0
gate,H2_seed2,23,horizontal,5,000176_10.png,000177_10.png,0,11 9 10 10 10 10,10 7 7 6 5 4,0,0
gate,H2_seed2,24,horizontal,5,000176_10.png,000177_10.png,0,4 5 6 1 2 3,3 3 3 -3 -3 -3,0,0
gate,H2_seed2,25,horizontal,5,000176_10.png,000177_10.png,0,3 4 5 6 7 8,2 2 2 2 2 2,1,1
gate,H2_seed2,26,horizontal,5,000176_10.png,000177_10.png,0,4 5 6 7 8 2,3 3 3 3 3 -4,0,0
gate,H2_seed2,27,horizontal,5,000176_10.png,000177_10.png,5,1 1 3 4 5 6,0 -1 0 0 0 0,0,0
gate,H2_seed2,28,horizontal,5,000176_10.png,000177_10.png,1,1 4 5 6 7 8,0 2 2 2 2 2,0,0
gate,H2_seed2,29,horizontal,5,000176_10.png,000177_10.png,0,5 6 7 8 9 10,4 4 4 4 4 4,1,1
gate,H2_seed2,30,horizontal,5,000176_10.png,000177_10.png,1,0 2 4 5 6 7,-1 0 1 1 1 1,0,0
gate,H2_seed2,31,horizontal,5,000176_10.png,000177_10.png,4,1 1 6 4 5 6,0 -1 3 0 0 0,0,0
