seed,tag,scene,valid_px,epe,d1,rmse,bad1,gtlt64_epe,init8_epe,oracle_epe,dom_ref_epe,top2_ref_epe,top3_ref_epe,sanity_max_abs,occ_epe,noc_epe,occ_frac,mean_gt
0,final,000160_10.png,100174,0.8125446418142481,3.9241719408229683,1.558089703419915,20.263741090502528,0.7756481915046461,7.5725697154809515,5.203718061419726,17.01311436992327,16.94537193052905,17.012633649266665,0.0,1.7456056049891882,0.7989842200745502,0.014325074370595164,32.00807068357308
0,final,000161_10.png,114668,3.5624887927382676,17.7399100010465,10.177305672623799,45.24104370879408,1.1022395961432245,10.527743339804713,6.267648702464413,16.27561766281997,16.15808675274766,16.237075289390575,0.0,18.224759527451834,2.611111245878156,0.06093243101824397,50.844698151674834
0,final,000162_10.png,58878,1.1415325607180073,5.937701688236693,2.8126379839058595,30.569992187234618,1.0478226189132152,7.845836881556392,4.368465652039098,17.289804608508994,17.401683593290144,17.31040791647805,0.0,1.1733272969270512,1.1411726656466086,0.01119263561941642,33.15132018219878
0,final,000163_10.png,100610,1.5403516251836356,9.379783321737403,3.834550220078954,34.18845045224133,1.604838229143524,6.17833825712258,4.197500089587896,16.765450701693656,16.863599208678917,16.774783538269624,0.0,0.9527838451388807,1.547163268913002,0.011460093430076533,41.09436134889673
0,final,000164_10.png,104123,1.7653061659526164,10.173544749959182,4.991429711913154,35.018199629284595,1.4196269080306618,7.198978333076479,4.667297168286026,15.580485686290729,15.464253848247129,15.547614211848853,0.0,0.6796441929911405,1.7809387675994288,0.01419475043938419,43.737091813888384
0,final,000165_10.png,101598,1.3626185493977625,11.043524478828322,2.5519795648496943,37.070611626213115,1.268832309691126,5.502534138334767,3.7644514542385927,18.667048436006333,18.472084778623906,18.651147218354257,0.0,3.311113833641821,1.2720006635849845,0.0444398511781728,44.71637094695516
0,final,000166_10.png,109818,0.863048987013543,4.036678868673624,1.4933237469975196,24.686299149501902,0.862601888959702,7.08599631712401,4.8847271152552105,18.674985946834582,18.634458571717488,18.695589282296908,0.0,2.6062306689240344,0.8201277388346854,0.02403066892494855,34.172360853582745
0,final,000167_10.png,98138,0.9742059495941802,3.5694634086694244,1.8340235237457674,32.801768937618455,0.9753254908786291,6.520454480485804,4.132066322129994,17.64021203636846,17.908150984535116,17.652508629855426,0.0,0.9857993026832481,0.9740211241965823,0.015692188550816197,36.84703109396972
0,final,000168_10.png,88776,1.8535001596814074,9.690682166351266,4.809410427289,38.13418040911959,1.6269554684328547,6.810990582460367,4.938943024565263,18.208355483527082,18.061097867938287,18.28338623439177,0.0,2.9496995584373313,1.8323426742998274,0.018935297828241868,40.99620309296713
0,final,000169_10.png,53894,1.535256676166563,4.839128659962148,5.125462255227224,36.09678257319924,1.073448771265976,6.982431872742965,5.244977047435692,20.633690093319398,20.426141844097216,20.694633894322,0.0,1.8050491755349296,1.5317063744491162,0.01298845882658552,40.35912987183174
0,final,000170_10.png,88820,1.0995557630633856,5.2713352848457555,2.2411429674514443,32.839450574195,1.0995350073013557,7.155071746999685,3.896060491032333,15.854246914666755,15.794667171427015,15.841776512740056,0.0,1.0295553252849876,1.1004772207002833,0.0129925692411619,34.98806240852286
0,final,000171_10.png,84556,0.8417349370754489,3.9263919769147075,1.8046496631230333,23.256776574104734,0.8418641091013537,7.583905736456825,4.354792158012894,16.423598418426838,16.415702339147398,16.423543770765168,0.0,0.964580141337572,0.8404073888440502,0.010691139599791854,31.94198690254092
0,final,000172_10.png,86649,0.891926236143789,4.407436900598968,2.002029520878303,22.08911816639546,0.8901293515892885,6.708700308077574,4.425339831817674,17.81657141263608,17.698031470151527,17.81754145537891,0.0,1.771623345542511,0.8782444417159496,0.015314660296137289,36.50190621790211
0,final,000173_10.png,116377,1.2508433195245727,6.765941723880148,3.623960122844986,26.757864526495784,1.2820902301118273,6.320803896021759,4.379048869622883,17.120346435076556,16.964415898239228,17.13104286097519,0.0,3.7989615756133728,1.2243845334897039,0.01027694475712555,39.5335476243158
0,final,000174_10.png,98882,1.2418834454240602,8.413057988309298,2.5912739343611397,32.55900972876763,1.1986716300689209,7.586786067065547,5.2641268964013035,18.008635911011478,17.89498954571877,18.011242488222344,0.0,3.3552307913489376,1.2050917620275698,0.01711130438300196,34.70424474531512
0,final,000175_10.png,65342,1.2674437829940313,7.046004101496741,3.088634406993653,29.76798996051544,1.103567460331427,7.49737283313706,4.4422839657632975,17.394463576898442,17.31821877363792,17.386144069656407,0.0,11.388161165251148,1.2242008309427053,0.004254537663371185,35.13500457209758
0,final,000176_10.png,93637,1.7866490151762322,13.429520381900318,3.947991615828215,34.96374296485364,1.7493270554938498,7.579361508776827,5.66212237323913,17.046574327561412,16.99202563834735,17.02489248933522,0.0,2.6645134512462545,1.7741450428464292,0.014043593878488204,32.66731984285058
0,final,000177_10.png,96550,1.2370221001987072,5.095805282237182,1.8947224292398765,47.61056447436561,1.1433713077340963,6.673193646178599,5.01608025539977,17.61747092936954,17.541052028977273,17.615492147062184,0.0,1.7365032612677234,1.230252869166048,0.013371310201967893,37.23891575770326
0,final,000178_10.png,97571,1.1985923025749323,7.67748613829929,2.1453818890701704,37.091963800719476,1.0539374609733372,7.425367182656866,4.870841762012481,16.863535041256647,16.811697820906495,16.858882742234226,0.0,0.9652272447687348,1.2018344943396608,0.01370284203298111,35.714922538779454
0,final,000179_10.png,78243,1.4172650703755465,9.79384737292793,3.2635215410786773,32.46296793323364,1.408759776636829,8.143400360110249,4.472235654734252,16.369280710243707,16.304456131868857,16.35227039859392,0.0,5.741432659649073,1.3535011797703538,0.014531651393734904,32.657661468118555
0,final,000180_10.png,72597,0.733580767114095,2.4697990275080235,1.5029682200076888,18.692232461396475,0.7298540665209521,7.66354286066896,4.503388671600315,16.984751880708334,16.89160772660075,16.995626976570907,0.0,2.452453993880041,0.7072575008654767,0.015083267903632382,32.42838369483243
0,final,000181_10.png,73327,0.7594468611317777,2.9729840304389925,1.4090219128745414,19.837167755397054,0.7593806893480102,7.890008657510251,4.727424428428419,16.670063883328325,16.646439083699374,16.67109554821589,0.0,2.037663630046861,0.7393148142242221,0.01550588459912447,30.24144382781922
0,final,000182_10.png,73343,0.9336261396562946,3.4072781315190275,2.0573096787339464,26.12519258824973,0.9118893381008886,8.43655386877764,4.779862434010434,16.5236335986848,16.47332900557193,16.520023662149406,0.0,2.070058452752789,0.9160188656427398,0.015257079748578596,30.29537397272064
0,final,000183_10.png,97632,0.7385426252977804,2.181661750245821,1.2926642320096964,22.199688626679777,0.7385426252977804,8.44130237341435,5.456408102335778,16.994807480450724,16.921127303613954,16.99176889644177,0.0,1.3227969636108279,0.7261491292296361,0.02077187807276303,29.16846987443922
0,final,000184_10.png,89496,0.8820414404037055,3.3744524894967376,1.7081472170122431,26.373245731652812,0.8820123333565729,8.24145260684727,5.774045387195222,17.51760661386435,17.423132503198254,17.515561420638974,0.0,1.4581152340945076,0.8758476581983201,0.010637346920532762,29.702592547781464
0,final,000185_10.png,101975,0.6318338309809635,1.152243196861976,1.4064244021379273,14.045599411620497,0.6312749571960117,8.065673394620521,5.685606420866033,16.798123037437506,16.717583776553724,16.799002265014845,0.0,0.6747124246730926,0.6311633524978537,0.015395930375091934,29.93580791094631
0,final,000186_10.png,79095,0.8743333829670807,4.39092230861622,1.9922276217772652,20.11758012516594,0.8741228743988417,7.718287615067996,4.234457003162214,17.4456494658916,17.3720497225278,17.460785883978577,0.0,0.8863086917801121,0.8741718033025395,0.013313104494595107,33.15584809011315
0,final,000187_10.png,77101,0.9020007417195224,4.264536127936084,1.551153651431352,26.448424793452745,0.903186760970667,7.709914719207598,4.674347838122141,16.85278860653757,16.79731747339558,16.852322407663152,0.0,2.7497597720245492,0.8850468270566451,0.009091970272759108,30.7188278706664
0,final,000188_10.png,113240,0.7405444298772499,2.327799364182268,1.3306984089155096,20.92016955139527,0.7405444298772499,6.8422254015640585,5.3559326372037965,17.269894470792384,17.24494688967562,17.25636650613364,0.0,1.4962278427745956,0.7309274888347168,0.01256623101377605,34.068623160709556
0,final,000189_10.png,128157,1.0209513666723609,6.5396349789711055,2.147870821480993,26.20067573367042,0.8500331419286665,6.477637385356865,4.479985711171916,16.518233062849706,16.417778788311146,16.486142731345787,0.0,3.1760700175069143,0.8916852448754776,0.05658684270074986,39.106036138779
0,final,000190_10.png,118771,0.7169952025869871,2.690050601577826,1.4773340322020567,17.849475040203416,0.7169178388083358,7.54501039709581,6.047911759484595,18.32936082830483,18.229641239641953,18.33459660262611,0.0,0.9107839846498028,0.7134902238009957,0.017765279403221326,32.62694649788248
0,final,000191_10.png,81041,0.9316743411486623,4.110265174417887,2.1123917003559365,23.09324909613652,0.9260229860482047,7.610622515846509,4.560836753870398,17.348873744251755,17.2750980619561,17.348314688416686,0.0,1.5326776127317059,0.9215697705169102,0.01653484038943251,32.17856649142101
0,final,000192_10.png,112239,0.9319696131806934,4.1883837168898514,2.036613388059638,21.431053377168364,0.9308597104258189,7.3864490437082155,5.631025395163405,18.233443332798178,18.135908621225823,18.224808549934938,0.0,0.8866285232942958,0.9328836799258423,0.019761402008214614,33.085725236715845
0,final,000193_10.png,121065,1.3899593052119465,8.084087060669889,3.4787165343516944,30.43571635072069,1.2459159974412204,7.491529438773608,5.366951861205472,15.678143010201303,15.602358914150289,15.64943051786123,0.0,3.8865167491474177,1.239765779752542,0.056746375913765336,42.509637384875894
0,final,000194_10.png,104209,1.3821684787392126,8.516538878599738,2.9811181566348224,29.374622153556796,0.9501002222380125,6.788844577964761,3.6307453943503005,16.17019356853425,16.06836504471102,16.178322425754256,0.0,5.967349348943543,1.0161845166727717,0.07391875941617326,41.851203958211386
0,final,000195_10.png,117243,0.8538292218418638,3.85524082461213,2.2738675853853185,19.17299966735754,0.8538292218418638,7.354682343983231,5.364446474446699,17.62172491482266,17.647150679047982,17.638531060679735,0.0,0.6925143696711613,0.8565576091830976,0.016632123026534634,34.28940427147037
0,final,000196_10.png,122704,1.0089327248185194,5.026730994914591,1.721899599976819,33.297203025166255,1.0089327248185194,7.022861689900401,5.6878718502983725,18.259668408784847,18.197666244166502,18.25944373134535,0.0,2.2383784736431407,0.9794667375144243,0.023405919937410355,34.23974532971623
0,final,000197_10.png,125132,1.131074246385307,4.63031039222581,3.0898593869903817,28.473132372214945,1.1310718595534317,6.248099170468734,4.239128186123659,17.118766068137084,17.034957769774827,17.09790551288237,0.0,8.299650850309247,1.0475017064640657,0.011523830834638621,38.72595919958524
0,final,000198_10.png,108997,0.9823399272508767,6.570823050175694,1.839454327584447,25.56400634879859,0.9823399272508767,7.764753367932194,4.8521092252433755,18.169957353118456,18.109180015505512,18.183283972504974,0.0,1.149559860342688,0.9797142601562396,0.015459141077277356,34.753659325199315
0,final,000199_10.png,48129,0.8718649921006274,2.4953770076253403,1.4681406843636473,29.637017182987393,0.8718649921006274,7.428423348052534,3.2537263271163597,17.71896471404383,17.63419829604508,17.731301495538926,0.0,0.7856457704333458,0.8730324721901709,0.013359928525421264,33.54465546045523
0,best,000160_10.png,100174,0.8461247137755421,4.115838441112464,1.572531880373167,22.244294926827322,0.8090860979440326,7.4118495047845725,4.989431035045731,17.09382729465898,17.02549394092826,17.096843500144658,0.0,1.8032758832393208,0.8322141826968344,0.014325074370595164,32.00807068357308
0,best,000161_10.png,114668,3.096950602073176,15.70359646980849,8.909546081143512,48.015139358844664,1.1599151295661425,10.185512917414457,5.934362268365332,15.550638079173348,15.406073258186312,15.541211885743218,0.0,12.085792863353632,2.513699695417716,0.06093243101824397,50.844698151674834
0,best,000162_10.png,58878,1.1720159358193343,7.022996705051122,2.8675938736379054,30.671897822616256,1.077921222162275,7.724615057151543,4.232003798367857,17.32719349947093,17.429977524557525,17.335532346806485,0.0,1.3047400258922432,1.1705135882118858,0.01119263561941642,33.15132018219878
0,best,000163_10.png,100610,1.6275407422099575,9.824073153762052,4.141944114966225,34.18646257827254,1.7015340256430425,6.117026108086861,4.04859596310879,16.855841980664966,16.926852521993165,16.861570441127476,0.0,0.9672992239800724,1.635194888931848,0.011460093430076533,41.09436134889673
0,best,000164_10.png,104123,1.7500707895016192,10.273426620439288,4.644217285608315,35.74522439806767,1.4634713837650506,7.130455275193646,4.463508692896476,15.552505611668673,15.44405680783454,15.526287374544786,0.0,0.8356994208205537,1.763236953298303,0.01419475043938419,43.737091813888384
0,best,000165_10.png,101598,1.3984484959921524,11.354554223508337,2.6249777178992946,37.36589302939034,1.3226139258010492,5.358178322506565,3.599595569328036,18.5596458715044,18.34662217204619,18.5314766788401,0.0,2.944084738628941,1.3265662134555074,0.0444398511781728,44.71637094695516
0,best,000166_10.png,109818,0.9292789275836957,3.938334334990621,1.5128212280911844,30.296490557103574,0.9290901063201634,6.945652006866914,4.656386714043372,18.800136624267655,18.758428774788865,18.841296538034587,0.0,1.841385040919227,0.9068207218429025,0.02403066892494855,34.172360853582745
0,best,000167_10.png,98138,0.955932448352415,3.512400904848275,1.8388032026784664,31.277384906967736,0.9539636422578223,6.412149936817748,3.826284174402245,17.60406529275285,17.86680208528447,17.619925554082943,0.0,1.038696476081749,0.9546129945055116,0.015692188550816197,36.84703109396972
0,best,000168_10.png,88776,1.909682745153414,9.926106154816617,4.744215463471759,42.09471028205821,1.719279543222353,6.6188186499367125,4.759755760756249,18.276372572690963,18.14461022517542,18.356171448716626,0.0,3.0146282316317947,1.8883564536008546,0.018935297828241868,40.99620309296713
0,best,000169_10.png,53894,1.4456233616224197,6.026644895535681,4.647580966018181,34.2412884551156,1.106277292578351,6.916098560584243,5.031486474689528,20.492119455015025,20.265308509789783,20.521193496863837,0.0,3.256873083114624,1.421788440295869,0.01298845882658552,40.35912987183174
0,best,000170_10.png,88820,1.121322599361405,5.798243638820086,2.222049737616421,34.57104255798244,1.12125111664002,7.006074687420476,3.6442837297661406,15.842048782810478,15.793451363951524,15.845381304684107,0.0,1.2919293602789708,1.119076800510096,0.0129925692411619,34.98806240852286
0,best,000171_10.png,84556,0.9062949355410235,4.666729741236577,1.7879432367596095,26.505511140545913,0.9061818778249752,7.4111794759751355,4.201303867661539,16.53090154419152,16.50751568377124,16.537381979317477,0.0,1.2453091935773866,0.9026313185412521,0.010691139599791854,31.94198690254092
0,best,000172_10.png,86649,0.9179471038966106,4.372814458331891,2.0711938327216397,23.84563007074519,0.9200175047455983,6.596530741619708,4.167053241661168,17.744517168183133,17.640378262825006,17.759782581229246,0.0,2.202239132143091,0.897972706654597,0.015314660296137289,36.50190621790211
0,best,000173_10.png,116377,1.4742152412083354,8.169139950333829,4.229052783825332,29.748146111345026,1.5213707307171742,6.269311820075718,4.110509664651772,17.136083627620994,17.01514178061109,17.169523035172794,0.0,4.448865743783804,1.443327490615093,0.01027694475712555,39.5335476243158
0,best,000174_10.png,98882,1.315504409004354,8.732630812483567,2.744588992612487,35.30875184563419,1.2728807629411767,7.389484356947526,4.992433051228877,17.99803666388081,17.894680640495835,18.01168587939588,0.0,3.207306382785734,1.282569652963217,0.01711130438300196,34.70424474531512
0,best,000175_10.png,65342,1.3056123310028513,7.303112852376725,3.0432145837720923,30.862232560986808,1.1741139512082188,7.3048446450416336,4.202491313949738,17.36658278832838,17.29831064958801,17.37270732527247,0.0,12.46297269587894,1.2579400977950013,0.004254537663371185,35.13500457209758
0,best,000176_10.png,93637,1.7008465187080861,12.096713905827825,3.753110449259208,35.48597242543012,1.6524140554326712,7.5182977871410195,5.339383224985108,17.028729107709466,16.976098367015773,17.009776182001897,0.0,2.6656873808160935,1.687103686732262,0.014043593878488204,32.66731984285058
0,best,000177_10.png,96550,1.250102900377152,5.299844640082858,1.9623872205903043,48.06007250129466,1.1578174092388613,6.56383976543709,4.777547309204805,17.552892551850558,17.480922110167146,17.573901990505775,0.0,1.5165416173100195,1.2464919829461447,0.013371310201967893,37.23891575770326
0,best,000178_10.png,97571,1.2022028546719832,7.9357596007010285,2.278787890088673,35.97380369167068,1.064057321793162,7.313523296001556,4.578636511990934,16.770099912154176,16.715930458830343,16.777327366397234,0.0,0.9676340070337882,1.2054617709520117,0.01370284203298111,35.714922538779454
0,best,000179_10.png,78243,1.4682065052084978,9.346523011643214,3.4909684683155926,33.74103753690426,1.4497605611344824,8.008594840618356,4.251876785371734,16.37139917278976,16.30060298795503,16.365608264494835,0.0,7.96509213812433,1.372403857364941,0.014531651393734904,32.657661468118555
0,best,000180_10.png,72597,0.8132020691540431,2.658512059726986,1.5367771718711631,24.053335537281153,0.8097988303897661,7.459696350080316,4.361988542695603,17.142002601245004,17.05491459658007,17.154263013742273,0.0,2.393178183411899,0.7890059089751341,0.015083267903632382,32.42838369483243
0,best,000181_10.png,73327,0.8213287987130874,3.247098613062037,1.4594454222069924,23.963887790309162,0.8211863016048496,7.735961060636682,4.563362257971947,16.752487223689418,16.71544187049463,16.756204300956036,0.0,2.089756072353876,0.801350937373157,0.01550588459912447,30.24144382781922
0,best,000182_10.png,73343,0.950960954255739,3.8176785787328034,2.0737509985314593,26.781015229810617,0.9286143972517205,8.29140253631214,4.574417546914246,16.582395712034515,16.536106915822288,16.578154519482528,0.0,2.202557972012299,0.9315693799470661,0.015257079748578596,30.29537397272064
0,best,000183_10.png,97632,0.7547749317462075,2.267699115044248,1.2931814682120222,23.194239593575876,0.7547749317462075,8.270084924314578,5.163855399075017,17.022998054571065,16.941534117275072,17.020114630749507,0.0,1.2310269692475508,0.7446724346534841,0.02077187807276303,29.16846987443922
0,best,000184_10.png,89496,0.9335576016930416,3.372217752748726,1.7859557701572228,29.482881916510234,0.9335234423257551,8.076366199888279,5.492849508179377,17.5790977589836,17.48328499179099,17.589474080633124,0.0,1.4406205631103837,0.9281058044027757,0.010637346920532762,29.702592547781464
0,best,000185_10.png,101975,0.672094320889693,1.2385388575631282,1.4123294560273194,16.24613875949988,0.6714332752294768,7.886186884407554,5.436400485383614,16.825328800573626,16.739171614700687,16.83206560322864,0.0,0.7487299047457944,0.6708959954412185,0.015395930375091934,29.93580791094631
0,best,000186_10.png,79095,0.901625455695599,4.312535558505594,2.213577486762145,19.948163600733295,0.9017588570470852,7.569623964313189,4.002613567315761,17.493405746948486,17.424302560092148,17.502045931080755,0.0,0.9390333878461905,0.9011207203921141,0.013313104494595107,33.15584809011315
0,best,000187_10.png,77101,0.9798468105604462,4.753505142605154,1.6483561649877985,30.185081905552458,0.98103617398671,7.572038540377728,4.4698186982174475,16.949196515926765,16.885825476880385,16.950124921208047,0.0,3.0032814776846415,0.9612810029471732,0.009091970272759108,30.7188278706664
0,best,000188_10.png,113240,0.7214492993529968,2.27922995407983,1.3001884510188801,20.409749205227833,0.7214492993529968,6.7036834027648435,5.053099606579077,17.23845149338119,17.24179146818709,17.228132417290634,0.0,1.5237932560398642,0.711238549195459,0.01256623101377605,34.068623160709556
0,best,000189_10.png,128157,1.0877972158500187,6.8221010167216765,2.459550430428095,25.325967368150003,0.8527829415206989,6.370656307336873,4.357850088012923,16.492375030347038,16.39104351343216,16.44342080605179,0.0,4.748684254786749,0.868213635300255,0.05658684270074986,39.106036138779
0,best,000190_10.png,118771,0.7428159289946964,2.925798385127683,1.543997692190486,18.57103164913994,0.7426472045587267,7.367214155892099,5.803578731283437,18.404468109205396,18.291427406730868,18.416710868219496,0.0,1.107106824395781,0.7362271479170759,0.017765279403221326,32.62694649788248
0,best,000191_10.png,81041,0.9394206147978762,4.181833886551252,2.1776423044010005,23.198134277711283,0.9320041043060324,7.441882452508957,4.345068082788737,17.38817489471389,17.315958352094576,17.393721648030482,0.0,1.245945428734395,0.9342670627637119,0.01653484038943251,32.17856649142101
0,best,000192_10.png,112239,0.9543295130379904,4.434287547109293,2.1616970134139453,22.146490970161885,0.9531335165451991,7.258776255926499,5.325608883186657,18.22961884461399,18.115926118522996,18.2298772884855,0.0,1.061134226586606,0.9521763526899584,0.019761402008214614,33.085725236715845
0,best,000193_10.png,121065,1.5460591658928313,8.207161442200471,4.171304740962122,30.99822409449469,1.3263206266767904,7.3200257789845935,5.376548047707347,15.497078309728522,15.400120826587354,15.489219759655073,0.0,5.869799587577364,1.2859418516761603,0.056746375913765336,42.509637384875894
0,best,000194_10.png,104209,1.4516272634042735,8.472396817933191,3.311783976797063,30.063622143960693,0.9926578987225406,6.622020956969099,3.592198514656029,16.20601847690049,16.098131132162862,16.241862881830983,0.0,6.4992363716926755,1.04873280128642,0.07391875941617326,41.851203958211386
0,best,000195_10.png,117243,0.860418963790012,3.781888897418183,2.2814909354637916,18.792593161212185,0.860418963790012,7.175939147192546,5.126772355162156,17.665566004419798,17.695365203699858,17.70002400813882,0.0,0.6936438858814729,0.8632397022730219,0.016632123026534634,34.28940427147037
0,best,000196_10.png,122704,1.064519614793437,4.89470595905594,1.8035793473030806,36.36963750162994,1.064519614793437,7.025215444601815,5.379901011260575,18.325326927765,18.25774150691739,18.320577590951345,0.0,2.0171268537516047,1.041688584765666,0.023405919937410355,34.23974532971623
0,best,000197_10.png,125132,1.0877768595276658,4.480868203177445,3.1357350825592203,25.601764536649295,1.0877612909490373,6.185608684096355,4.104321443887485,17.173032090177422,17.08049257383381,17.150271093092186,0.0,9.648016586383074,0.9879800636175234,0.011523830834638621,38.72595919958524
0,best,000198_10.png,108997,1.0458334578688364,7.43047973797444,1.9486062502165722,26.797985265649515,1.0458334578688364,7.435192213665077,4.670536498692617,18.312837714300567,18.24738245675637,18.340866198444868,0.0,1.376025627204148,1.0406488204999493,0.015459141077277356,34.753659325199315
0,best,000199_10.png,48129,0.8515862874460239,2.6117309730100358,1.416703558650402,28.16389287124187,0.8515862874460239,7.253869390306364,3.195787327817006,17.966631344964327,17.87140510096561,17.981547408590004,0.0,0.8406425323308349,0.8517344750073907,0.013359928525421264,33.54465546045523
1,final,000160_10.png,100174,0.8393091821583899,4.005031245632599,1.626663217463898,20.801804859544394,0.7955469956805599,7.395115815684231,5.054587353467537,17.08088117403191,17.014515841191923,17.084590438852807,0.0,1.7350245798091024,0.8262915133990468,0.014325074370595164,32.00807068357308
1,final,000161_10.png,114668,3.640958959923984,18.762863222520668,10.096543983519554,46.89538493738445,1.1430200995327238,10.407854960228978,6.0806607450882755,16.526801880469847,16.38282146044607,16.438021069063982,0.0,19.2875924670715,2.625709953001317,0.06093243101824397,50.844698151674834
1,final,000162_10.png,58878,1.1584925253376122,5.915622133904005,2.903586913455494,30.544515778389215,1.0695027088297109,7.6465941736274505,4.249275915281917,17.433359094076724,17.504125604255478,17.45371594173481,0.0,1.658741920598541,1.152830037979929,0.01119263561941642,33.15132018219878
1,final,000163_10.png,100610,1.5185391681259,8.525991452141934,3.8399000525770592,33.76503329688898,1.5781453524380369,6.069075096465166,4.117720967524687,16.925864346415892,16.95808459643003,16.955084181200107,0.0,1.0241281429995481,1.524270850279702,0.011460093430076533,41.09436134889673
1,final,000164_10.png,104123,1.7495425938518088,8.823218693276221,5.354749663380211,34.26236278247842,1.3478909317713774,7.2402953173927544,4.561245001121,15.667884965981427,15.557988552397504,15.611396185776618,0.0,0.7940203146618339,1.7633012954801666,0.01419475043938419,43.737091813888384
1,final,000165_10.png,101598,1.3676571911386965,10.441150416346778,2.570771765612033,37.72810488395441,1.2922226583099046,5.343608007526963,3.621253455543394,18.684495573485094,18.47868441035399,18.645177794394783,0.0,2.9486204364899122,1.2941319699077836,0.0444398511781728,44.71637094695516
1,final,000166_10.png,109818,0.8920484937557975,4.232457338505528,1.541690844335933,26.15327177694003,0.8939673528492721,6.902140532378978,4.693422913880243,18.766838396353677,18.71125221563225,18.819663187850423,0.0,2.5067794889426223,0.8522900047206504,0.02403066892494855,34.172360853582745
1,final,000167_10.png,98138,1.0552956379123892,4.687277099594449,1.9266621243796236,35.91880820884876,1.0575528137221402,6.366604083736267,4.067836556034214,17.7378770958673,17.997346530001884,17.763836617445822,0.0,1.0500693296457266,1.0553789575953088,0.015692188550816197,36.84703109396972
1,final,000168_10.png,88776,1.8638051441846544,9.09817968820402,4.861493772894459,39.748355411372444,1.6175995406106403,6.687214034983217,4.739072639615651,18.172347111676473,18.045180308172725,18.26951701765783,0.0,2.6925878859502372,1.8478090044647169,0.018935297828241868,40.99620309296713
1,final,000169_10.png,53894,1.4264185705286507,5.236204401232048,4.943023237674125,30.769658960181097,1.016046079096062,6.926635237197007,5.093322133683502,20.5733560995343,20.264059797115713,20.64224187476288,0.0,1.9491787801470075,1.4195393708682973,0.01298845882658552,40.35912987183174
1,final,000170_10.png,88820,1.176765232965555,6.61675298356226,2.4855300606622377,33.60954739923441,1.1767528972659878,6.98765689279281,3.764652423175759,15.909179682532722,15.823865002755431,15.900657038021212,0.0,0.8259663404170521,1.1813830086368637,0.0129925692411619,34.98806240852286
1,final,000171_10.png,84556,0.8579734725450024,4.04229149912484,1.6859031358217296,24.29987227399593,0.8580897643582602,7.380166964666514,4.239940071926194,16.552580410521912,16.563402865553435,16.55747094628481,0.0,1.282608545986952,0.853384579196469,0.010691139599791854,31.94198690254092
1,final,000172_10.png,86649,0.9214216044765537,4.723655206638276,2.01988572718191,22.962757792934713,0.9194142889344271,6.496799683933791,4.2508987460865955,17.928318617079725,17.80496800898416,17.936987554283128,0.0,1.9717899443246227,0.9050853865377058,0.015314660296137289,36.50190621790211
1,final,000173_10.png,116377,1.3147796762441633,8.600496661711507,3.380539603351491,28.166218410854377,1.3547978412920028,6.186683987227647,4.231687712058048,17.23435537775959,17.120432640588003,17.282753836544508,0.0,4.572171213634835,1.2809560397180066,0.01027694475712555,39.5335476243158
1,final,000174_10.png,98882,1.2183298390095043,8.408001456281223,2.501170129642826,32.13426103840942,1.175181840949679,7.37703429796904,5.041171058026557,18.113264478683853,18.009922560427448,18.11074163367856,0.0,3.02840777660938,1.18681783293461,0.01711130438300196,34.70424474531512
1,final,000175_10.png,65342,1.2764819997251133,7.5311438278595695,3.08305324899536,29.17572158795262,1.1043073076667487,7.294830841618367,4.256871385141742,17.529207740552,17.45782853079482,17.523260577406198,0.0,11.33151084570576,1.2335197161399878,0.004254537663371185,35.13500457209758
1,final,000176_10.png,93637,1.7108207019598056,13.039717205805399,3.720551358393134,34.91888890075504,1.671529123776444,7.396698329694587,5.404426788867958,17.153997066016203,17.098214082366162,17.137943703813274,0.0,2.237713194799967,1.703315842575425,0.014043593878488204,32.66731984285058
1,final,000177_10.png,96550,1.1807073951495983,4.449508026929052,1.871534716121214,46.16778871051269,1.0930847100635415,6.458195715469131,4.813113634693752,17.672144665440275,17.615214165044783,17.675236940041902,0.0,1.9437239567130966,1.1703665939551866,0.013371310201967893,37.23891575770326
1,final,000178_10.png,97571,1.1485554192669283,7.210134158715192,2.0307416424667704,37.65258119728198,1.0535335798490824,7.17096971412594,4.6599377586285655,16.837561245873403,16.801862776540297,16.8469273559483,0.0,1.4781556454004419,1.1439762112703729,0.01370284203298111,35.714922538779454
1,final,000179_10.png,78243,1.3894812689952158,9.534399243382795,3.0689308218440337,33.29243510601587,1.3790016311316706,7.898831520142972,4.214497223655841,16.44541990391863,16.40241850372177,16.430148082046838,0.0,5.6412973026487006,1.3267842696661882,0.014531651393734904,32.657661468118555
1,final,000180_10.png,72597,0.7275379766719634,2.5717316142540323,1.4865538396850193,19.01042742813064,0.7240581302603318,7.47072891678211,4.248645011913363,16.96622767558214,16.889577330987226,16.989147874999198,0.0,2.4976886823297093,0.7004294339361626,0.015083267903632382,32.42838369483243
1,final,000181_10.png,73327,0.8066697997060517,3.1229969861033453,1.462585237436243,21.69187338906542,0.8066368356920808,7.676317384418037,4.471725183961818,16.669673595788467,16.641474949970053,16.677710792116294,0.0,1.9833667850746013,0.7881366999364986,0.01550588459912447,30.24144382781922
1,final,000182_10.png,73343,0.9619361334165748,3.947206959082666,2.1120791613710113,26.913270523431006,0.9422946676076358,8.207262384100444,4.5598754206204735,16.525178443156264,16.46674594729714,16.52579006346234,0.0,2.1721020222136334,0.9431864708450762,0.015257079748578596,30.29537397272064
1,final,000183_10.png,97632,0.7434856476392249,2.251311045558833,1.3443148860993468,22.200712881022618,0.7434856476392249,8.229847958999475,5.166631940951903,17.033470356577144,16.94973678648916,17.032843669662782,0.0,1.3766066214506913,0.7300555679889,0.02077187807276303,29.16846987443922
1,final,000184_10.png,89496,0.8948252421767225,3.281710914454277,1.739283910841532,26.896174130687406,0.8948035351263957,8.078219977292148,5.498909260856863,17.4999425676357,17.427044555185876,17.508475842542598,0.0,1.499203108939804,0.8883271425973219,0.010637346920532762,29.702592547781464
1,final,000185_10.png,101975,0.652396934801061,1.1493012993380731,1.4382967044335606,15.347879382201521,0.6521676702476376,7.878215875244515,5.361857868210011,16.778985168320066,16.70667460956748,16.790280820991104,0.0,0.6156314163450982,0.6529718251349673,0.015395930375091934,29.93580791094631
1,final,000186_10.png,79095,0.9032145067505909,4.18736961881282,2.286250911237365,19.796447310196598,0.9030692126026022,7.535543691455598,4.051582265591997,17.5113443656686,17.448430300545652,17.541818884116157,0.0,1.1040141784001394,0.9005051700569263,0.013313104494595107,33.15584809011315
1,final,000187_10.png,77101,0.8956510714369169,4.168558125056744,1.5967569841239055,25.37061776111853,0.8976722146961768,7.508747769568511,4.453859619450423,16.88753156304689,16.824341775110863,16.893907937137268,0.0,2.7260840629544987,0.8788561299833327,0.009091970272759108,30.7188278706664
1,final,000188_10.png,113240,0.7578471659771843,2.359590250794772,1.3200345471629598,22.197103496997528,0.7578471659771843,6.650297866630622,5.138042494301996,17.311981755783513,17.337922867500964,17.305708571904248,0.0,1.1232958610679429,0.7531964107868809,0.01256623101377605,34.068623160709556
1,final,000189_10.png,128157,1.010035859586628,6.578649625069251,2.1454374937593994,25.55381290136317,0.8245126505804693,6.286670314810518,4.31754551635046,16.594799848020198,16.507282118561147,16.548549218594033,0.0,3.5870055435641457,0.8554667007577542,0.05658684270074986,39.106036138779
1,final,000190_10.png,118771,0.7245752485573822,2.690050601577826,1.4808933695490194,17.749282232194727,0.724481988590613,7.332632632088981,5.797444557916982,18.405703707999397,18.307876717082646,18.414996969712004,0.0,0.9374911059700483,0.7207243261485161,0.017765279403221326,32.62694649788248
1,final,000191_10.png,81041,0.921498090802128,4.149751360422503,2.0938432682548203,22.678644143088068,0.9133757101875286,7.437020234801224,4.349319453468383,17.365915351358176,17.294390360907563,17.37850846134677,0.0,1.6442748219219607,0.9093461627246813,0.01653484038943251,32.17856649142101
1,final,000192_10.png,112239,0.9413229061431201,4.8004704247186805,1.9602683562981307,22.567022158073396,0.9396963189249714,7.1637765420915,5.361897599993545,18.260042079243448,18.175313497848464,18.257409216532615,0.0,0.8958025829979059,0.9422405861927114,0.019761402008214614,33.085725236715845
1,final,000193_10.png,121065,1.4568492024468602,8.158427291124601,3.4549236516998687,32.00512121587577,1.2168974080063852,7.3166093781865555,5.162924650050901,16.104398807682514,15.97535950574606,16.063453769578476,0.0,4.507329277666028,1.273331551790039,0.056746375913765336,42.509637384875894
1,final,000194_10.png,104209,1.3412606748163567,9.382107111669818,2.7761748124147005,28.767189014384552,0.9115764253579346,6.520088743237605,3.44356121626959,16.234896702957183,16.135784945672015,16.239707304262737,0.0,5.855544270160491,0.9809356532121469,0.07391875941617326,41.851203958211386
1,final,000195_10.png,117243,0.8714827201701206,3.6530965601357863,2.336296857247049,19.584964560784012,0.8714827201701206,7.065568931181471,5.100381488950246,17.709685729719915,17.73292995560207,17.735841205844984,0.0,0.7001017223260342,0.8743813605541506,0.016632123026534634,34.28940427147037
1,final,000196_10.png,122704,1.0177333751718385,4.8172838701264835,1.7716364683071608,33.716912244099625,1.0177333751718385,6.880911681406158,5.406903590148657,18.337606975266482,18.261456849733808,18.340907563870122,0.0,2.315735516773957,0.9866243045506247,0.023405919937410355,34.23974532971623
1,final,000197_10.png,125132,1.1433418044477526,4.793338234824026,3.087824805289724,28.74804206757664,1.143345624668831,6.124199627793453,4.136121431452361,17.37138725882366,17.26195299564783,17.32088786970261,0.0,8.44592866024594,1.058206949196229,0.011523830834638621,38.72595919958524
1,final,000198_10.png,108997,1.041851281321355,6.937805627677826,2.180884667774037,24.563061368661522,1.041851281321355,7.387277511961641,4.771805790214012,18.34175663595555,18.251964167410783,18.374248989075905,0.0,1.3877192245392842,1.036420504853465,0.015459141077277356,34.753659325199315
1,final,000199_10.png,48129,0.8355700092933505,2.520310000207775,1.4086437454953733,28.612686737725696,0.8355700092933505,7.21386162330009,3.1411071769734806,17.840284711505312,17.747599278417436,17.867745998142073,0.0,1.132296605948156,0.8315520839753822,0.013359928525421264,33.54465546045523
1,best,000160_10.png,100174,0.8823252211819083,4.415317347814803,1.6694804330001016,23.258530157525907,0.8414280862744205,7.3291468056515345,5.037556907371031,17.25317865006008,17.177371019181155,17.25948646280897,0.0,1.6768420867388256,0.8707782974529443,0.014325074370595164,32.00807068357308
1,best,000161_10.png,114668,3.3496527660710997,14.38762339972791,9.831371042996352,46.97561656259811,1.171313784111681,10.286409955056822,6.258923696827896,16.2944031803828,16.15208117530791,16.24977463923563,0.0,17.367521448846503,2.4400879543907497,0.06093243101824397,50.844698151674834
1,best,000162_10.png,58878,1.182703130117006,6.752946771289786,2.924530623193171,30.71266007676891,1.0892548477876876,7.64678447805931,4.25145095160176,17.51734905835656,17.591006362924936,17.538138485131185,0.0,2.0376832452638016,1.173025329126234,0.01119263561941642,33.15132018219878
1,best,000163_10.png,100610,1.5243777225439596,8.644269953284962,3.8180989154497436,33.28694960739489,1.5946055720308099,6.0588820098776095,4.045247254983271,16.883475854575202,16.924233790333094,16.915715290962446,0.0,1.0170187945998657,1.5302595090840678,0.011460093430076533,41.09436134889673
1,best,000164_10.png,104123,1.7250478525933766,9.084448200685728,5.337780586423998,33.40184205218828,1.3117338379543875,7.147758506976842,4.467354545964389,15.690067315647479,15.580289220046982,15.677292496509065,0.0,0.8063157201619852,1.7382768076494786,0.01419475043938419,43.737091813888384
1,best,000165_10.png,101598,1.3708490956291683,10.326974940451583,2.4976055780251785,39.69369475777082,1.3528264406540313,5.28388676115555,3.485516216863377,18.606088194925206,18.364352516838036,18.55095368327934,0.0,1.816289066555492,1.3501331982142517,0.0444398511781728,44.71637094695516
1,best,000166_10.png,109818,0.887105966257379,3.9037316286947497,1.5637611927736053,25.922890600812252,0.8899320402874102,6.889137134408887,4.584552110777492,18.86330257823672,18.804046265408186,18.92455934170054,0.0,1.9954888349954447,0.8598149634433973,0.02403066892494855,34.172360853582745
1,best,000167_10.png,98138,0.9532725956186875,4.260327294218345,1.9308860050053696,27.263649147119363,0.9548735788806612,6.3271219510514545,3.9133079461887745,17.711644455749827,17.977870728801506,17.7443028509182,0.0,1.0585813856744146,0.9515937250759658,0.015692188550816197,36.84703109396972
1,best,000168_10.png,88776,1.879260805965469,9.66252140218077,4.856347400357023,39.20766873929891,1.6165766670097947,6.635045751930626,4.696064772587741,18.186964596704527,18.033918685129475,18.267808067659768,0.0,2.2955686000753626,1.8712257476739629,0.018935297828241868,40.99620309296713
1,best,000169_10.png,53894,1.406923318310041,5.876349871970906,4.819658658982307,28.810257171484764,1.0339215068530714,6.825731961179559,4.9761911147414155,20.752030019006398,20.400739270231696,20.746297257952634,0.0,2.9303798934391567,1.386875576034777,0.01298845882658552,40.35912987183174
1,best,000170_10.png,88820,1.318228559476839,8.127673947309164,2.8071437369007057,37.029948209862646,1.318231969675511,6.921791939133058,3.720803964119241,15.9882115736795,15.908731764446935,15.984226676958608,0.0,1.2143718737663387,1.3195956871581513,0.0129925692411619,34.98806240852286
1,best,000171_10.png,84556,0.8677383318400337,3.830597473863475,1.7009863212947482,24.751643880978285,0.8678564556423172,7.316188534982462,4.18664695054717,16.675693108595492,16.693601379022013,16.69022994228964,0.0,1.1421518526246062,0.8647728340301875,0.010691139599791854,31.94198690254092
1,best,000172_10.png,86649,0.9232462647892637,4.09583492019527,2.040816673253472,22.888896582764946,0.9168259968453163,6.44690303385136,4.141705441336512,17.93458805381574,17.81620532717176,17.9493863929457,0.0,2.3134905463695166,0.901624008376416,0.015314660296137289,36.50190621790211
1,best,000173_10.png,116377,1.3109105383760726,8.748292188318997,3.365209222681388,26.891052355706023,1.3420862375385432,6.087150339788243,4.119991481677539,17.29450787923026,17.170058864850816,17.35344525411447,0.0,4.509106670733678,1.27770156663334,0.01027694475712555,39.5335476243158
1,best,000174_10.png,98882,1.278257530244461,8.512166016059545,2.617047510017068,34.638255698711596,1.235714833393845,7.328081095354405,4.9401483423660535,18.179349649005772,18.06104968448041,18.180080261445013,0.0,3.046999368825421,1.2474651525216605,0.01711130438300196,34.70424474531512
1,best,000175_10.png,65342,1.2974876476813384,7.673471886382418,3.1286228026306007,30.84539805944109,1.140971947076277,7.221942610307332,4.153419992286003,17.573824541885507,17.489197583936658,17.570900308785188,0.0,10.859114585162924,1.2566335303719216,0.004254537663371185,35.13500457209758
1,best,000176_10.png,93637,1.7700563124712458,13.149716458237663,3.8433071414829976,35.3012163995002,1.7192842011628857,7.322825748886805,5.3841986240776345,17.25715185644478,17.199715346258674,17.253381654855854,0.0,2.0782327963825415,1.7656667620245121,0.014043593878488204,32.66731984285058
1,best,000177_10.png,96550,1.1786495999435511,5.007767995857069,1.9493250366767743,43.43552563438633,1.0884957303049216,6.4244229341010115,4.753003880089889,17.775786429299153,17.707373581690717,17.783319719624235,0.0,1.5581522316640888,1.1735063809558313,0.013371310201967893,37.23891575770326
1,best,000178_10.png,97571,1.222906695562552,8.032099701755644,2.249536820892357,39.65010095212717,1.1115111680789374,7.115775853929681,4.643939228703005,16.999142408543243,16.94893540671026,17.006203555928597,0.0,1.213423400827549,1.2230384490494766,0.01370284203298111,35.714922538779454
1,best,000179_10.png,78243,1.399814037272147,9.378474751734979,3.0878325803360585,33.994095318431036,1.3858995055224277,7.806993114706481,4.152914606769025,16.551973905363067,16.502733186415448,16.54458777582472,0.0,6.357184946903977,1.3267129721896451,0.014531651393734904,32.657661468118555
1,best,000180_10.png,72597,0.762476205668167,2.687438874884637,1.5113492329369436,20.375497610094083,0.7585731392031613,7.389875114404976,4.255944959151508,17.16657191252977,17.076272367266863,17.193109000289265,0.0,2.636094123370027,0.7337831394618576,0.015083267903632382,32.42838369483243
1,best,000181_10.png,73327,0.8253381644120245,3.0698105745496203,1.518614245094947,24.28573376791632,0.825342539375509,7.618800930076413,4.479437828828867,16.842846775035586,16.80447964258787,16.855976410319972,0.0,1.9941336322271102,0.8069295143648468,0.01550588459912447,30.24144382781922
1,best,000182_10.png,73343,1.0241753953112684,4.124456321666689,2.2774194397672276,30.452803948570416,1.003224204086963,8.141281818554614,4.598504637486332,16.69842259071327,16.621392093886026,16.707137653016705,0.0,2.4133067356890288,1.0026529378195383,0.015257079748578596,30.29537397272064
1,best,000183_10.png,97632,0.7858677238020808,2.4817682726974764,1.3980679000950056,24.316822353326778,0.7858677238020808,8.144867530057798,5.161093895568081,17.217634397141666,17.128733280018675,17.21903218053097,0.0,1.3020869326544466,0.7749174230243665,0.02077187807276303,29.16846987443922
1,best,000184_10.png,89496,0.9631367690113303,3.6817287923482613,1.852655825117792,30.8874139626352,0.9631194904733819,8.01924465122881,5.489489934545287,17.660753597744236,17.58012288755276,17.67496427715616,0.0,1.5972290504880313,0.956319188464192,0.010637346920532762,29.702592547781464
1,best,000185_10.png,101975,0.6921850063135063,1.236577592547193,1.5956638811051995,16.847266486884042,0.6920960703097073,7.779306457278248,5.4242772664694145,16.993764503894116,16.911636746505526,17.005817621668402,0.0,0.6436600654747835,0.6929437748720123,0.015395930375091934,29.93580791094631
1,best,000186_10.png,79095,0.9192422790980699,4.526202667678109,2.325230511178322,19.424742398381692,0.9190478919715209,7.478776595206513,4.014862460712242,17.629974914147176,17.559429154548223,17.66928303372401,0.0,0.8959064094202924,0.9195571437961901,0.013313104494595107,33.15584809011315
1,best,000187_10.png,77101,0.9542818805422805,4.778148143344444,1.7197995135258015,27.417283822518513,0.9572657714857123,7.435014620199706,4.47851189928026,17.106114432480563,17.03647545376983,17.114735170201776,0.0,2.7504438898192665,0.9378013888079458,0.009091970272759108,30.7188278706664
1,best,000188_10.png,113240,0.7228246148548039,2.3949134581419993,1.3533552992007245,18.810490992582128,0.7228246148548039,6.603232704923583,5.004390263678496,17.347143282181,17.354749032304465,17.345245801250826,0.0,1.0059483803583549,0.719221539130079,0.01256623101377605,34.068623160709556
1,best,000189_10.png,128157,1.0159698331531015,6.587232847210843,2.2349248324754036,24.96469174528118,0.8615331095606626,6.246334292600527,4.278414573286161,16.5644398381072,16.474824659014573,16.546628598157362,0.0,3.5832611349361483,0.8619811931420958,0.05658684270074986,39.106036138779
1,best,000190_10.png,118771,0.7701813351766646,3.0057842402606694,1.5659629095148155,20.090762896666696,0.7700460366530066,7.296308224587282,5.701519591495107,18.531786214781302,18.42546499258759,18.548978164935715,0.0,1.1902994978484385,0.7625828290500462,0.017765279403221326,32.62694649788248
1,best,000191_10.png,81041,0.9347482638839726,4.183067829863896,2.1551550110113844,22.810676077540997,0.9276638784887377,7.356192105785015,4.290726056546526,17.503724692622175,17.430904495063128,17.52753909206601,0.0,1.235361944027801,0.9296940947845543,0.01653484038943251,32.17856649142101
1,best,000192_10.png,112239,0.9439065146575167,4.512691666889405,1.9730901403230863,22.681955470023787,0.9421944834598123,7.094002147974974,5.257083533392009,18.39400934036479,18.303448490139903,18.396729065892718,0.0,0.801857527792185,0.9467701920724403,0.019761402008214614,33.085725236715845
1,best,000193_10.png,121065,1.5450428236571159,8.201379424276215,3.712728002355374,34.22706810391112,1.3049204332894522,7.278252206746518,5.293006666973021,16.04680640581288,15.914253788945972,16.034405189462838,0.0,4.517954880493697,1.3661916845488598,0.056746375913765336,42.509637384875894
1,best,000194_10.png,104209,1.3039793988677286,8.89750405435231,2.815636519766063,26.31250659731885,0.9165156140578966,6.485175125219736,3.4742184524385866,16.204353390618174,16.093257967002845,16.209191126839166,0.0,5.699775674258611,0.9531119014133116,0.07391875941617326,41.851203958211386
1,best,000195_10.png,117243,0.8764914131857582,3.7912711206639202,2.2036704822500446,21.552672654230957,0.8764914131857582,7.016988343090244,4.990204948108126,17.748460273813727,17.76800861644091,17.77846464135553,0.0,0.7307950797447792,0.8789556378152665,0.016632123026534634,34.28940427147037
1,best,000196_10.png,122704,1.0238677348598133,4.994132220628504,1.762750361162025,33.15621332637893,1.0238677348598133,6.967670702059121,5.338546526419019,18.456284788182284,18.35118848501238,18.417958646671707,0.0,2.0258594316360345,0.9998531131131904,0.023405919937410355,34.23974532971623
1,best,000197_10.png,125132,1.0787947289539688,4.730204903621775,2.9551244014473554,25.358021928843144,1.0788026201458352,6.057809068461351,4.0544765394266635,17.374122389553797,17.246436223723535,17.352042009557593,0.0,8.409537441026156,0.9933316277266416,0.011523830834638621,38.72595919958524
1,best,000198_10.png,108997,1.0099668554342447,6.5891721790507995,2.059000716556534,23.477710395698963,1.0099668554342447,7.036002672244554,4.763759615786654,18.59383976153009,18.474085812299062,18.631711347667277,0.0,1.0923885973695477,1.008672679245552,0.015459141077277356,34.753659325199315
1,best,000199_10.png,48129,0.8286239539849478,2.568098235990775,1.4169022343590159,27.08761869143344,0.8286239539849478,7.1695167871660805,3.1310199637661604,18.039008801873468,17.93514667295122,18.069635203337494,0.0,0.9456917056770384,0.8270387590993391,0.013359928525421264,33.54465546045523
2,final,000160_10.png,100174,0.8354722954569197,4.124822808313534,1.5652790200686024,21.203106594525526,0.7980984097964023,7.487267879578468,5.227440489799342,17.09620884448093,17.03905119518484,17.09877688679647,0.0,1.8140199907150003,0.8212508030102132,0.014325074370595164,32.00807068357308
2,final,000161_10.png,114668,3.5877939342400373,19.71692189625702,9.471311839144857,46.698294205881325,1.1161919474592807,10.369092898286166,6.088614338786517,16.523249489172635,16.36163568607422,16.354573184641012,0.0,18.468619532521675,2.622235214919138,0.06093243101824397,50.844698151674834
2,final,000162_10.png,58878,1.1343544444343294,5.713509290397092,2.787720296103118,30.209925608886174,1.0450419174013843,7.725614138225194,4.376970419794156,17.3977246429928,17.509398017156716,17.418446044110947,0.0,1.5671109386206759,1.1294559314116255,0.01119263561941642,33.15132018219878
2,final,000163_10.png,100610,1.5308143621244128,9.046814431965014,3.6807946064638357,36.09581552529569,1.5848350509765587,6.152000519883596,4.2288845907005514,16.971315281997914,17.08366836806425,16.987420634110325,0.0,0.9005513129188822,1.5381209699623124,0.011460093430076533,41.09436134889673
2,final,000164_10.png,104123,1.5548414211391894,8.167263716950146,4.204792850062516,34.4208292116055,1.3217191724942972,7.151910294888635,4.572399262980194,15.449593013312175,15.323037945053448,15.409083472913382,0.0,0.6629394697723595,1.5676840445901143,0.01419475043938419,43.737091813888384
2,final,000165_10.png,101598,1.3390997381256697,10.853560109450973,2.514724988291397,36.00563003208725,1.2728415816091685,5.396173114638063,3.7290183356522637,18.74701430153576,18.55416324713157,18.726980239072535,0.0,2.8501504089085103,1.2688259128567296,0.0444398511781728,44.71637094695516
2,final,000166_10.png,109818,0.8664458809358491,3.8418109963758216,1.5033585312190811,25.47760840663644,0.868306378417285,7.04605561512087,4.851033502795335,18.76367521676471,18.725401504125,18.787127731861755,0.0,2.3156299222459755,0.8307635487157553,0.02403066892494855,34.172360853582745
2,final,000167_10.png,98138,1.0250368074022072,4.438647618659439,1.8023362078263945,34.94263180419409,1.0270329345957194,6.457122786282332,4.142838827973681,17.77022063207787,18.03956583128342,17.77681963207091,0.0,1.124373247716334,1.0234531502034685,0.015692188550816197,36.84703109396972
2,final,000168_10.png,88776,1.8757198088349787,9.234477786789222,4.8556488044733825,40.41069658466252,1.6337804069939765,6.750445028280389,4.904506469548764,18.21595736262291,18.081609746756637,18.301791291258578,0.0,3.2836355224101053,1.848545960571361,0.018935297828241868,40.99620309296713
2,final,000169_10.png,53894,1.377563156240897,4.549671577541099,4.732337414155029,30.088692618844398,0.9804751512923512,6.947092400732503,5.2074478047276385,20.500425413264747,20.254456336400406,20.5966042337132,0.0,1.2627579947880336,1.3790739208575267,0.01298845882658552,40.35912987183174
2,final,000170_10.png,88820,1.0979830352338256,4.9572168430533665,2.3090462529811835,31.897095248817838,1.097965182775083,7.082553159833572,3.899108142290156,15.88594080401491,15.849377793010909,15.866874487433341,0.0,1.2969444479851417,1.0953639871386116,0.0129925692411619,34.98806240852286
2,final,000171_10.png,84556,0.8185485055765922,3.1210085623728654,1.7169489693638245,23.649415771796207,0.8186750234025107,7.5165521423403545,4.33752070081071,16.448263226955195,16.465494078353554,16.46171373167767,0.0,0.5649311521411997,0.8212892659589572,0.010691139599791854,31.94198690254092
2,final,000172_10.png,86649,0.8803949835122998,4.785975602719016,1.9046688625849257,21.265104040439013,0.8812070669304224,6.558541095938225,4.417366929452629,17.937574542076828,17.81765331658221,17.937509091795032,0.0,1.862267018442506,0.8651240781144847,0.015314660296137289,36.50190621790211
2,final,000173_10.png,116377,1.2853845852619032,8.468168108818753,3.4543037108951045,27.490827225310845,1.321732592637674,6.329031959017163,4.361257692124654,17.485263387237875,17.42717630094609,17.54162576708657,0.0,3.1394756055595883,1.2661323400107243,0.01027694475712555,39.5335476243158
2,final,000174_10.png,98882,1.2929490411149696,8.95612952812443,2.705599022963329,33.73819299771445,1.2510137715076028,7.552241572761624,5.266722770858039,18.141584732279643,18.065464821257194,18.137732792955752,0.0,3.6015787507907153,1.2527576482888418,0.01711130438300196,34.70424474531512
2,final,000175_10.png,65342,1.3458288167192969,8.010161917296685,3.3186883232583377,30.291389917663984,1.136385270242222,7.510207948173571,4.474104083951579,17.56000801873685,17.4966794176501,17.551894990560317,0.0,9.959878057027035,1.309023429887784,0.004254537663371185,35.13500457209758
2,final,000176_10.png,93637,1.7767719440331264,13.10165853241774,3.9802383476029526,35.104712880592075,1.7127241229416685,7.560230902870184,5.630185156622359,17.084115650285735,17.041804052691937,17.079433336183534,0.0,2.592047880629623,1.7651594588548982,0.014043593878488204,32.66731984285058
2,final,000177_10.png,96550,1.178554774935785,4.797514241325738,1.7976750057933117,45.60435007767995,1.0752061437795146,6.57096790495467,4.982458072190208,17.743953943819903,17.697453284108658,17.742693942051858,0.0,1.7245389116909224,1.1711553111523012,0.013371310201967893,37.23891575770326
2,final,000178_10.png,97571,1.161679794813016,7.306474259769809,2.046372476309815,36.62563671582745,1.0381184580873786,7.2716632459421,4.845449278149167,16.937233022916857,16.89516836093249,16.935626251282066,0.0,1.068010656888929,1.1629811606234832,0.01370284203298111,35.714922538779454
2,final,000179_10.png,78243,1.4526825760740119,9.89864908042892,3.3525223658060854,32.290428536738105,1.4350030075474718,8.075313580133216,4.469088596951085,16.383897660751185,16.32569991522841,16.367107262079568,0.0,6.63096523704294,1.3763239608492346,0.014531651393734904,32.657661468118555
2,final,000180_10.png,72597,0.7210959681765472,2.2383845062468146,1.4610314270575973,18.766615700373293,0.7177163788545231,7.590365389870377,4.428769620947712,17.041210715505724,16.971310330459115,17.063795433119378,0.0,2.3194411517278244,0.6966184993506591,0.015083267903632382,32.42838369483243
2,final,000181_10.png,73327,0.7977155117553738,3.0193516712807016,1.4850855895291377,21.29365717948368,0.7976919703169402,7.808265561140718,4.641245855071917,16.64126353895643,16.609158134626924,16.645412784899452,0.0,2.1686154686786043,0.7761236950076011,0.01550588459912447,30.24144382781922
2,final,000182_10.png,73343,0.9647803611368404,3.99765485458735,2.147438645754981,27.027800880792984,0.9422758602474616,8.358506047052613,4.705051137579148,16.53065095096471,16.49543006098833,16.5299924607478,0.0,2.2080647679074095,0.9455175779736776,0.015257079748578596,30.29537397272064
2,final,000183_10.png,97632,0.718528761707615,1.9952474598492298,1.2931017347951603,21.142658144870534,0.718528761707615,8.352114032874612,5.3654849329888235,17.001034450903475,16.93588079889746,17.00479252531243,0.0,1.0323279256651388,0.711872296449824,0.02077187807276303,29.16846987443922
2,final,000184_10.png,89496,0.9116486344631997,3.5811656386877626,1.7694908289595557,27.83476356485206,0.9116244999428249,8.234511608123524,5.697071697147347,17.509961103418576,17.42630105257691,17.51920269167811,0.0,1.4136609495187007,0.9062511402915693,0.010637346920532762,29.702592547781464
2,final,000185_10.png,101975,0.6658780861508762,1.1512625643540082,1.4599857770711289,15.675410639862712,0.6655186416238886,7.975539585926217,5.592851919400747,16.790488245045037,16.718418892521168,16.80481845141305,0.0,0.6406063444295507,0.6662732520739126,0.015395930375091934,29.93580791094631
2,final,000186_10.png,79095,0.8751618425526129,3.9029015740565143,2.2022941508380187,19.4702572855427,0.8750808885256796,7.609218158260128,4.266282069979233,17.593815147596217,17.518033512908502,17.612930966924722,0.0,0.9561573129999899,0.8740689921594773,0.013313104494595107,33.15584809011315
2,final,000187_10.png,77101,0.9066409501467736,4.6743881402316445,1.624429431748131,24.941310748239324,0.9083405801532857,7.6363934483275,4.666537494650518,16.898929134671278,16.853581810685284,16.905984717601854,0.0,2.591252891551411,0.8911839740875503,0.009091970272759108,30.7188278706664
2,final,000188_10.png,113240,0.7830422874475612,2.3225008830801834,1.3419511367854537,24.012716354645004,0.7830422874475612,6.733633919075495,5.326123381181051,17.39674120778037,17.4501122718721,17.40187125231259,0.0,1.3947375043545989,0.7752577618954652,0.01256623101377605,34.068623160709556
2,final,000189_10.png,128157,1.018263893859978,5.9489532370451865,2.168659558368393,26.580678386666357,0.8571366286800692,6.389065962767131,4.525448139656836,16.672723766825506,16.592944080968014,16.605121746589862,0.0,3.363441888758706,0.8775978269561645,0.05658684270074986,39.106036138779
2,final,000190_10.png,118771,0.6816015013926102,2.571334753433077,1.402877347846527,16.22702511555851,0.681531078344439,7.518630239822634,6.032576620367489,18.376204744840145,18.291844677342368,18.38783845927505,0.0,0.9558577478779435,0.6766411403457817,0.017765279403221326,32.62694649788248
2,final,000191_10.png,81041,0.9463408608331322,4.315099764316828,2.104421272148939,24.175417381325502,0.938679633909057,7.553597618429984,4.590485035588373,17.457400717583603,17.400211484367997,17.455901878012867,0.0,1.6783329828461604,0.9340339958816578,0.01653484038943251,32.17856649142101
2,final,000192_10.png,112239,0.9336942521520125,4.43696041482907,1.9373117675233626,23.052593127166137,0.9329105900966277,7.32199445978763,5.550659982524185,18.288064094954965,18.21431052501996,18.29223739874208,0.0,0.9102505872225954,0.934166871459358,0.019761402008214614,33.085725236715845
2,final,000193_10.png,121065,1.4327542420987012,8.779581216701771,3.3885839912527898,30.215999669598975,1.2194598716919416,7.41411276947968,5.383265173925086,15.963812719216376,15.88706832879716,15.932677122729618,0.0,4.588599127001811,1.2428978179182697,0.056746375913765336,42.509637384875894
2,final,000194_10.png,104209,1.3941940846360035,9.15180070819219,2.8305478444761616,30.64226698269823,1.0050488132260829,6.606980507618774,3.7799755045379024,16.37459423946258,16.277871251964793,16.382366468883774,0.0,5.3799394774433855,1.076056385831833,0.07391875941617326,41.851203958211386
2,final,000195_10.png,117243,0.8713263483537894,3.8185648610151564,2.3380107165169632,20.118898356405072,0.8713263483537894,7.17477961114374,5.4229683691697,17.800127808635175,17.819253437313765,17.820836662766748,0.0,0.8749144294934394,0.8712656615972446,0.016632123026534634,34.28940427147037
2,final,000196_10.png,122704,1.0039022526571284,4.3266723171208765,1.720083136514037,34.08120354674664,1.0039022526571284,6.93307773317534,5.640170239370662,18.4167170956061,18.351448314455563,18.418533071278816,0.0,2.378817683142872,0.9709498099343578,0.023405919937410355,34.23974532971623
2,final,000197_10.png,125132,1.2219502546291645,4.463286769171755,3.6772010911380706,27.67237796886488,1.2219496939047783,6.140384609367035,4.325819800025274,17.39224525957264,17.34763191960807,17.395436583631,0.0,9.320021551293573,1.1275415004065914,0.011523830834638621,38.72595919958524
2,final,000198_10.png,108997,1.0216710189953309,6.190996082460985,2.2020127219345427,24.064882519702376,1.0216710189953309,7.657425004611277,4.859433402457091,18.359474445148475,18.274984799772582,18.390900948756308,0.0,1.210037938352862,1.018713304488869,0.015459141077277356,34.753659325199315
2,final,000199_10.png,48129,0.8613129600248761,2.586797980427601,1.4630160767009095,29.526896465748305,0.8613129600248761,7.355831604897165,3.2572652090618495,17.84660148354342,17.776465274091844,17.866582037393034,0.0,0.992272497892009,0.8595396587813818,0.013359928525421264,33.54465546045523
2,best,000160_10.png,100174,0.8419823723611252,4.146784594805039,1.5759632443347609,21.85497234811428,0.806699030458724,7.420910081153769,4.9954876448284296,17.02361958848882,16.960021407819326,17.031372877829472,0.0,1.8343146174626899,0.8275605454060138,0.014325074370595164,32.00807068357308
2,best,000161_10.png,114668,3.335101873111928,18.61984162974849,8.766573445239162,44.853838908849895,1.1882639301335993,10.19938771192507,5.878355036659868,16.07687295862947,15.948133357941831,16.011778297841342,0.0,17.102871533403825,2.4417650113028855,0.06093243101824397,50.844698151674834
2,best,000162_10.png,58878,1.1912581527592303,6.248513876150684,2.929115781551845,31.490539760182074,1.0982847166238516,7.679629379917638,4.241573735963772,17.33426104045772,17.438626425311984,17.335167448860766,0.0,1.8585776472308748,1.1837045440257101,0.01119263561941642,33.15132018219878
2,best,000163_10.png,100610,1.5244909216757856,9.703806778650234,3.512826137798057,37.43067289533843,1.5802812390301397,6.106821753241506,3.9987643964934474,16.75549243007908,16.84994987684694,16.768478089073948,0.0,1.1041818173781541,1.52936354398749,0.011460093430076533,41.09436134889673
2,best,000164_10.png,104123,1.5535105929045836,8.846268355694708,3.876680725535829,34.942327823823746,1.3937643646516074,7.219083488211344,4.33118950496557,15.275535142841296,15.138855856222056,15.217920891568147,0.0,0.8316282193618795,1.5639050801966692,0.01419475043938419,43.737091813888384
2,best,000165_10.png,101598,1.4181592541418315,11.263016988523395,2.5923536828391422,39.6070788795055,1.3677350153585512,5.3972583201089295,3.4941853616938783,18.60254197510662,18.38312352427127,18.56636849102719,0.0,2.266508795652675,1.3787054035199773,0.0444398511781728,44.71637094695516
2,best,000166_10.png,109818,0.874983848594773,3.799012912273034,1.5136679516474445,26.073139193939067,0.8770948936570895,7.006077007928755,4.516944114172208,18.61474799163727,18.564163868390672,18.636981702351967,0.0,1.7726542872883868,0.8528810832423023,0.02403066892494855,34.172360853582745
2,best,000167_10.png,98138,0.9387489378096391,3.960749149157309,1.7054420798802845,29.16811021215024,0.9389903006811975,6.434545814882888,3.8711118802147952,17.605804993458893,17.8744736814056,17.613620088872,0.0,1.1554293372414328,0.9352945410817052,0.015692188550816197,36.84703109396972
2,best,000168_10.png,88776,1.8375710558491676,9.108317563305397,4.821410663352682,37.87510137875101,1.6106252851011298,6.720505231004949,4.640865638133716,18.047811686992645,17.904290600911867,18.122259845627667,0.0,3.18861658299416,1.8114948456059765,0.018935297828241868,40.99620309296713
2,best,000169_10.png,53894,1.3832619252415292,5.521950495416929,4.763599146751211,27.244220135822168,0.984794405985857,6.992740018808294,4.994294053314568,20.330301786086622,20.099999746252365,20.447694410495902,0.0,2.1025449998038157,1.3737966067433227,0.01298845882658552,40.35912987183174
2,best,000170_10.png,88820,1.1199883860044988,6.072956541319523,2.2898013053432216,32.72573744652105,1.1199583315444768,7.036216530770876,3.593276592564996,15.698423120557953,15.651601360503738,15.681862963006937,0.0,1.2457553815593752,1.118332839807908,0.0129925692411619,34.98806240852286
2,best,000171_10.png,84556,0.8492265827264763,2.974360187331473,1.7260383387766876,25.9496664932116,0.8492507265646794,7.473547514669548,4.031334537388366,16.283331945698183,16.29321914327003,16.29989587081419,0.0,1.1238443935866904,0.8462588772201209,0.010691139599791854,31.94198690254092
2,best,000172_10.png,86649,0.898307841863303,5.24760816628005,1.983171157555589,20.498793984927698,0.9030118975598073,6.524205333449222,4.194945872407123,17.888017630012747,17.756260821217516,17.89006631243578,0.0,2.733604895412787,0.8697637478422983,0.015314660296137289,36.50190621790211
2,best,000173_10.png,116377,1.3144885756754199,8.614245082791273,3.439843156922388,27.009632487519013,1.3517163918502089,6.260441325571432,4.082408379613971,17.45532424247184,17.38614989617384,17.491980925051664,0.0,3.383778472010507,1.293001779102923,0.01027694475712555,39.5335476243158
2,best,000174_10.png,98882,1.3528237449744525,9.073441071175745,2.881698712852927,36.088469084363176,1.3175639061305404,7.486824915615048,4.970459115773217,18.042662656490045,17.946638108193735,18.031714683232124,0.0,3.396529078201763,1.3172444731993664,0.01711130438300196,34.70424474531512
2,best,000175_10.png,65342,1.3406224805699911,8.114229745033823,3.193070298972187,31.83098160448104,1.1487342999664887,7.466154572793754,4.101104457993718,17.412678135041464,17.340529319966528,17.407964529394867,0.0,9.475201414643431,1.3058657342329627,0.004254537663371185,35.13500457209758
2,best,000176_10.png,93637,1.8225241205714366,13.160395997308758,4.193510561544995,35.02995610709442,1.7633436096842534,7.478843388380779,5.340139411969805,17.02104307467437,16.9808196525389,17.022991022878855,0.0,2.5902995185707005,1.8115882152794258,0.014043593878488204,32.66731984285058
2,best,000177_10.png,96550,1.1518919211999545,4.432936302433972,1.7977960359597407,44.43811496633868,1.0624943100059743,6.511371398582043,4.739350175190811,17.616510097600216,17.553187380324122,17.61873996859508,0.0,1.450632270780485,1.1478432350778196,0.013371310201967893,37.23891575770326
2,best,000178_10.png,97571,1.1501313883794169,6.662840393149604,2.094242140232382,37.28976847628906,1.0346186107964812,7.126546483074505,4.622628212042906,16.830835554929177,16.787743825309704,16.831614880070628,0.0,0.7796175378244495,1.1552790183043082,0.01370284203298111,35.714922538779454
2,best,000179_10.png,78243,1.5150161146372585,10.301241005585164,3.7167301316968433,32.98953260994594,1.4815709388848697,8.036160460486574,4.284362254061037,16.35929293533429,16.287495890812078,16.34706486923393,0.0,9.972668121022515,1.3903001349306203,0.014531651393734904,32.657661468118555
2,best,000180_10.png,72597,0.7496960042818474,2.3664889733735555,1.4709823674049338,21.248811934377454,0.7455278567334841,7.499626510873705,4.1198743060940375,16.911538151658917,16.83210744287596,16.93929246503683,0.0,2.4207692568704964,0.7241047591196901,0.015083267903632382,32.42838369483243
2,best,000181_10.png,73327,0.807551026866156,2.962073997299767,1.4377981509205258,23.8943363290466,0.8075072590636,7.743027700403672,4.304904169847537,16.486482428568305,16.446238641663978,16.496596474660006,0.0,1.9700864122536692,0.7892409737675883,0.01550588459912447,30.24144382781922
2,best,000182_10.png,73343,1.060739405029086,4.533493312245204,2.2779952507271455,32.07940771443764,1.040736496543361,8.293300968259782,4.438935097163071,16.402472651617718,16.352534889263033,16.40579631091832,0.0,2.520040770318489,1.0381297707280386,0.015257079748578596,30.29537397272064
2,best,000183_10.png,97632,0.7657687890455396,2.3680760406424124,1.3687697057256114,23.361193051458535,0.7657687890455396,8.273510516168484,5.065873475128102,16.937796675129718,16.86924895400353,16.942200197102895,0.0,1.4047599130363388,0.7522141888253255,0.02077187807276303,29.16846987443922
2,best,000184_10.png,89496,0.9388551457622815,3.7968177348708325,1.8181569201560135,29.325332975775453,0.9388315496780905,8.140118230195855,5.347409954083273,17.447558862726016,17.347292593521065,17.44890673850719,0.0,1.5387465137393534,0.9324052837466263,0.010637346920532762,29.702592547781464
2,best,000185_10.png,101975,0.6568388792778178,1.1473400343221378,1.452118611656693,16.875704829615103,0.6565147850011025,7.931155515298098,5.234544851432159,16.691956222180306,16.601160020068612,16.707337100812985,0.0,0.8136543693056532,0.6543868069771983,0.015395930375091934,29.93580791094631
2,best,000186_10.png,79095,0.9564776530435515,4.7006764017953095,2.436371449070542,20.938112396485238,0.9566373657337638,7.583906861817733,4.047987951585184,17.536557262518254,17.470457243327058,17.564625113508825,0.0,1.2282580387445143,0.9528105924077002,0.013313104494595107,33.15584809011315
2,best,000187_10.png,77101,0.8743977535435963,4.431849132955474,1.5917875164624227,24.700068741002063,0.8761899134899692,7.572857912597229,4.397844462822626,16.778276430204702,16.72275276360327,16.78620677460115,0.0,3.0772776215970943,0.8541854657490217,0.009091970272759108,30.7188278706664
2,best,000188_10.png,113240,0.7369840890895516,2.0893677145884846,1.296294349715731,20.63493465206641,0.7369840890895516,6.690737421307956,5.012707260911097,17.257507274765423,17.29225830808203,17.265521410815037,0.0,1.317655793228203,0.729594373438181,0.01256623101377605,34.068623160709556
2,best,000189_10.png,128157,1.027716072554635,5.472194261725852,2.301818438380641,27.45850792387462,0.8769723834942229,6.347117245051723,4.29235792609777,16.54808165715886,16.47322843223758,16.506257238115854,0.0,3.2729576099530413,0.8930442919896192,0.05658684270074986,39.106036138779
2,best,000190_10.png,118771,0.7223218661873558,2.7936112350657987,1.4602713498517126,17.608675518434637,0.7223175304047946,7.463469526829177,5.689044462198311,18.289443889716395,18.187259596163823,18.3060560080534,0.0,1.0596607316726756,0.7162205554993452,0.017765279403221326,32.62694649788248
2,best,000191_10.png,81041,0.9650211945095037,4.369393270073172,2.2144064421403895,23.842252686911564,0.9555223164974926,7.5012037165757075,4.3110962524752505,17.362602609962085,17.304691215266708,17.363562609182924,0.0,0.989924655031802,0.9646024966625523,0.01653484038943251,32.17856649142101
2,best,000192_10.png,112239,0.9146489186356983,4.1384901861206895,2.0055577420941937,21.439962936234284,0.9136788636428989,7.267663900671582,5.254659700649007,18.229372521835753,18.14630874049412,18.23368200971771,0.0,1.3807919711223908,0.9052515736705053,0.019761402008214614,33.085725236715845
2,best,000193_10.png,121065,1.509948766637714,8.945607731383967,3.903063860126634,31.31045306240449,1.2923882654033163,7.313518973251152,5.202092373122495,15.896518848650627,15.818149883824988,15.90603637792401,0.0,5.370213023856217,1.2777142953640932,0.056746375913765336,42.509637384875894
2,best,000194_10.png,104209,1.415762525648578,9.643121035611129,2.987921949106165,28.962949457340535,0.9998966592682463,6.648326590703421,3.571944250903674,16.22679382934562,16.148685929682784,16.251373353397195,0.0,5.742096216171326,1.0704394533204664,0.07391875941617326,41.851203958211386
2,best,000195_10.png,117243,0.9063644262683312,4.147795604001945,2.3735581910513703,20.354306866934486,0.9063644262683312,7.147234975537721,5.079126320009056,17.652389836785105,17.683443089046357,17.67319569228645,0.0,0.9711551147852189,0.9052685935412106,0.016632123026534634,34.28940427147037
2,best,000196_10.png,122704,0.978955174432085,3.5940148650410744,1.8451214278232775,32.69901551701656,0.978955174432085,7.022017499391406,5.325854734731733,18.303601212139522,18.217372348046563,18.286099592950702,0.0,2.0336763666200772,0.9536767908286743,0.023405919937410355,34.23974532971623
2,best,000197_10.png,125132,1.117441573403808,4.470479173992264,3.3852830532688825,23.78128696096922,1.1174316778479532,6.157561060702698,4.133366743318985,17.139768868187478,17.0755249521925,17.14413236701168,0.0,10.928666924305993,1.0030605647854802,0.011523830834638621,38.72595919958524
2,best,000198_10.png,108997,1.0505409889370283,6.6570639558886935,2.3788989270280534,24.07589199702744,1.0505409889370283,7.30078524981142,4.627636048874004,18.28948189294276,18.213958666916593,18.36551527667633,0.0,0.9609753934141436,1.0519473370477341,0.015459141077277356,34.753659325199315
2,best,000199_10.png,48129,0.8943654871905362,2.8652163975981217,1.45567943388943,30.792245839306865,0.8943654871905362,7.279199775958626,3.000797428363315,17.70442578591153,17.621280202257974,17.723794448729645,0.0,0.9547225824596351,0.8935482018378421,0.013359928525421264,33.54465546045523
